Número Projeto;PARÂMETRO CFP;PARÂMETRO AÇÃO;Tipo Convênio;Nº Convênio;Nº da Proposta SICONV;Nr Convênio Siconv;Ano;Número Siafi;Código IBGE;UF;Municipio;Proponente;Data Início Vigência;Data Final Vigência;Valor Funasa;Valor Contrapartida;Valor empenhado;Valor Pago;Situação Obra - SIGA;Percentual de Execução
AC0504138822;10GE;ESGOTO ;PAC;TC/PAC 0006/14;NÃO INFORMADO;NÃO INFORMADO;2014;680526;1200609;AC;TARAUACA;GOV;13/08/2014;13/08/2023;16,491,263.30;0.00;824,563.17;0.00;NÃO INICIADA - LICITAÇÃO NÃO CONCLUÍDA;0.00
AL0712077471;10GE;ESGOTO ;PAC;TC/PAC 0261/07;NÃO INFORMADO;NÃO INFORMADO;2007;633329;2700201;AL;ANADIA;PM;31/12/2007;08/01/2022;3,500,000.00;150,513.75;3,500,000.00;3,500,000.00;EM EXECUÇÃO;78.00
AL1507110157;10GE;ESGOTO ;PAC;TC/PAC 0030/11;NÃO INFORMADO;NÃO INFORMADO;2011;668667;2700201;AL;ANADIA;PM;21/12/2011;08/01/2022;7,247,943.06;0.00;7,247,943.06;7,247,943.06;EM EXECUÇÃO;71.00
AL1507119391;10GE;ESGOTO ;PAC;TC/PAC 0022/11;NÃO INFORMADO;NÃO INFORMADO;2011;669850;2701001;AL;BOCA DA MATA;PM;29/12/2011;01/04/2022;16,960,143.82;0.00;16,960,143.77;16,954,494.82;EM EXECUÇÃO;54.00
AL3011075453;10GE;ESGOTO ;PAC;TC/PAC 0262/07;NÃO INFORMADO;NÃO INFORMADO;2007;633325;2701001;AL;BOCA DA MATA;PM;31/12/2007;02/04/2022;1,200,000.00;60,000.00;1,200,000.00;840,000.00;EM EXECUÇÃO;55.95
AL2811075091;10GE;ESGOTO ;PAC;TC/PAC 0267/07;NÃO INFORMADO;NÃO INFORMADO;2007;633174;2702405;AL;DELMIRO GOUVEIA;PM;31/12/2007;29/09/2021;4,899,787.71;962,654.40;4,900,000.00;2,449,893.85;PARALISADA;40.00
AL3011073540;10GE;ESGOTO ;EMENDA;CV 1510/07;NÃO INFORMADO;NÃO INFORMADO;2007;636865;2704302;AL;MACEIO;GOV;31/12/2007;27/11/2021;10,000,000.00;3,994,610.39;10,000,000.00;10,000,000.00;EM EXECUÇÃO;79.29
AL0504138151;10GE;ESGOTO ;PAC;TC/PAC 0395/14;NÃO INFORMADO;NÃO INFORMADO;2014;680563;2705705;AL;OLHO DAGUA DAS FLORES;PM;07/05/2014;01/04/2022;26,976,604.27;0.00;26,976,604.27;26,976,604.27;EM EXECUÇÃO;86.31
AL0504138646;10GE;ESGOTO ;PAC;TC/PAC 0396/14;NÃO INFORMADO;NÃO INFORMADO;2014;680515;2706109;AL;OURO BRANCO;PM;07/05/2014;27/03/2022;13,055,828.00;0.00;13,055,828.00;10,448,388.46;EM EXECUÇÃO - REINICIADA;59.70
AL1507110765;10GE;ESGOTO ;PAC;TC/PAC 0033/11;NÃO INFORMADO;NÃO INFORMADO;2011;669849;2706422;AL;PARICONHA;PM;29/12/2011;26/01/2022;3,949,848.78;0.00;3,949,848.78;3,949,848.78;EM EXECUÇÃO;66.57
AL1507111469;10GE;ESGOTO ;PAC;TC/PAC 0039/11;NÃO INFORMADO;NÃO INFORMADO;2011;668773;2708402;AL;SAO JOSE DA TAPERA;PM;21/12/2011;01/04/2022;10,902,604.61;0.00;10,902,604.61;10,902,604.61;PARALISADA;83.51
AL3011077623;10GE;ESGOTO ;PAC;TC/PAC 0131/08;NÃO INFORMADO;NÃO INFORMADO;2008;648168;2708402;AL;SAO JOSE DA TAPERA;PM;31/12/2008;27/03/2022;3,599,987.10;189,512.90;3,599,999.99;3,599,987.10;PARALISADA;85.41
AL2212170998;10GE;ESGOTO ;PROGRAMAÇÃO;CV 6278/17;103036/2017;859836/2017;2017;859836;2709152;AL;TEOTONIO VILELA;PM;30/12/2017;12/07/2022;30,000,000.00;300,000.00;30,000,000.00;1,000,000.00;NÃO INICIADA - LICITAÇÃO NÃO CONCLUÍDA;0.00
BA0304180261;10GE;ESGOTO ;EMENDA;CV 0252/18;27649/2018;864264/2018;2018;864264;2900108;BA;ABAIRA;PM;29/06/2018;20/11/2022;3,494,254.94;0.00;700,000.00;698,850.98;NÃO INICIADA - LICITAÇÃO CONCLUÍDA;2.98
BA0304180298;10GE;ESGOTO ;EMENDA;CV 0287/18;26204/2018;864481/2018;2018;864481;2900405;BA;AGUA FRIA;PM;06/07/2018;30/06/2023;5,000,000.00;0.00;1,000,000.00;250,000.00;NÃO INICIADA - LICITAÇÃO NÃO CONCLUÍDA;0.00
BA0304180303;10GE;ESGOTO ;EMENDA;CV 0292/18;25953/2018;864483/2018;2018;864483;2902203;BA;ARAMARI;PM;29/06/2018;29/05/2023;4,000,000.00;0.00;800,000.00;200,000.00;NÃO INICIADA - LICITAÇÃO NÃO CONCLUÍDA;0.00
BA2610176734;10GE;ESGOTO ;PROGRAMAÇÃO;CV 3873/17;89331/2017;858672/2017;2017;858672;2909109;BA;CORIBE;PM;30/12/2017;12/07/2022;500,000.00;10,204.08;500,000.00;0.00;NÃO INICIADA - LICITAÇÃO NÃO CONCLUÍDA;0.00
BA0108181017;10GE;ESGOTO ;EMENDA;CV 0995/18;57162/2018;876106/2018;2018;876106;2909109;BA;CORIBE;PM;31/12/2018;31/12/2021;20,000,000.00;0.00;4,000,000.00;0.00;NÃO INICIADA - LICITAÇÃO NÃO CONCLUÍDA;0.00
BA0512182216;10GE;ESGOTO ;EMENDA;CV 2178/18;63566/2018;881175/2018;2018;881175;2900504;BA;ERICO CARDOSO;PM;31/12/2018;31/12/2021;5,000,000.00;0.00;1,000,000.00;150,000.00;NÃO INICIADA - LICITAÇÃO NÃO CONCLUÍDA;0.00
BA1207113422;10GE;ESGOTO ;PAC;TC/PAC 0298/12;NÃO INFORMADO;NÃO INFORMADO;2012;372423;2914406;BA;IRAQUARA;GOV;22/05/2012;21/05/2022;5,840,836.41;0.00;5,201,264.82;1,752,250.92;NÃO INICIADA - LICITAÇÃO NÃO CONCLUÍDA;0.00
BA1507111388;10GE;ESGOTO ;PAC;TC/PAC 0302/12;NÃO INFORMADO;NÃO INFORMADO;2012;672431;2917003;BA;ITIUBA;GOV;22/05/2012;22/06/2022;13,818,269.58;0.00;14,509,525.65;4,888,105.22;EM EXECUÇÃO;58.56
BA0711182153;10GE;ESGOTO ;EMENDA;CV 2115/18;62091/2018;879656/2018;2018;879656;2919157;BA;LAPAO;PM;31/12/2018;31/12/2021;5,000,000.00;5,000.00;1,000,000.00;250,000.00;NÃO INICIADA - LICITAÇÃO NÃO CONCLUÍDA;0.00
BA1507111356;10GE;ESGOTO ;PAC;TC/PAC 0226/12;NÃO INFORMADO;NÃO INFORMADO;2012;672211;2919603;BA;MACAJUBA;GOV;30/03/2012;02/06/2022;7,951,030.47;3,859,957.97;7,951,030.47;3,975,515.24;PARALISADA;21.66
BA0404136840;10GE;ESGOTO ;PAC;TC/PAC 0485/14;NÃO INFORMADO;NÃO INFORMADO;2014;679707;2924405;BA;PILAO ARCADO;PM;28/05/2014;06/01/2022;2,359,339.65;303,479.95;1,887,471.73;1,887,471.72;EM EXECUÇÃO;53.00
BA0304180325;10GE;ESGOTO ;EMENDA;CV 0314/18;25251/2018;864499/2018;2018;864499;2924652;BA;PINTADAS;PM;01/06/2018;01/05/2022;2,956,519.03;0.00;2,365,215.22;2,365,215.22;EM EXECUÇÃO;77.43
BA0504180647;10GE;ESGOTO ;EMENDA;CV 0632/18;39076/2018;864861/2018;2018;864861;2925253;BA;PONTO NOVO;PM;01/07/2018;01/06/2023;5,000,000.00;0.00;1,000,000.00;250,000.00;NÃO INICIADA - LICITAÇÃO NÃO CONCLUÍDA;0.00
BA0904180693;10GE;ESGOTO ;EMENDA;CV 0678/18;39765/2018;865073/2018;2018;865073;2925931;BA;QUIXABEIRA;PM;01/06/2018;01/05/2023;5,000,000.00;5,000.00;1,000,000.00;250,000.00;NÃO INICIADA - LICITAÇÃO NÃO CONCLUÍDA;0.00
BA0805091560;10GE;ESGOTO ;PAC;TC/PAC 0205/09;NÃO INFORMADO;NÃO INFORMADO;2009;658219;2916104;BA;ITAPARICA;PM;31/12/2009;31/12/2021;2,052,462.02;228,051.34;4,500,000.00;1,231,477.21;EM EXECUÇÃO;74.05
BA0504137359;10GE;ESGOTO ;PAC;TC/PAC 0488/14;NÃO INFORMADO;NÃO INFORMADO;2014;683291;2928059;BA;SANTA LUZIA;PM;31/12/2014;27/08/2022;8,631,025.46;3,013,091.49;431,551.27;0.00;NÃO INICIADA - LICITAÇÃO NÃO CONCLUÍDA;0.00
BA0512182217;10GE;ESGOTO ;EMENDA;CV 2179/18;63563/2018;880563/2018;2018;880563;2930766;BA;SITIO DO QUINTO;PM;31/12/2018;31/12/2021;7,500,000.00;112,500.00;1,500,000.00;375,000.00;NÃO INICIADA - LICITAÇÃO NÃO CONCLUÍDA;0.00
BA2703135755;10GE;ESGOTO ;PAC;TC/PAC 0277/14;NÃO INFORMADO;NÃO INFORMADO;2014;679113;2931707;BA;TERRA NOVA;PM;07/05/2014;28/12/2021;14,583,419.74;0.00;2,916,683.95;0.00;NÃO INICIADA - LICITAÇÃO NÃO CONCLUÍDA;0.00
CE3011070021;10GE;ESGOTO ;PAC;TC/PAC 0010/08;NÃO INFORMADO;NÃO INFORMADO;2008;649391;2304004;CE;COREAU;PM;31/12/2008;04/12/2021;3,800,000.00;119,008.31;3,800,000.00;2,660,000.00;EM EXECUÇÃO - REINICIADA;59.33
CE0504138563;10GE;ESGOTO ;PAC;TC/PAC 0660/14;NÃO INFORMADO;NÃO INFORMADO;2014;679629;2304236;CE;CROATA;PM;07/05/2014;28/12/2021;3,558,424.51;0.00;3,558,424.51;2,835,840.49;EM EXECUÇÃO;81.82
CE0404136574;10GE;ESGOTO ;PAC;TC/PAC 0284/14;NÃO INFORMADO;NÃO INFORMADO;2014;679181;2304251;CE;CRUZ;PM;07/05/2014;30/12/2021;9,743,816.74;0.00;4,871,908.36;1,948,763.34;EM EXECUÇÃO;0.00
CE2811070109;10GE;ESGOTO ;PAC;TC/PAC 0423/08;NÃO INFORMADO;NÃO INFORMADO;2008;650399;2308005;CE;MASSAPE;GOV;31/12/2008;06/09/2021;2,222,316.71;247,814.49;2,298,000.00;888,926.68;EM EXECUÇÃO;11.00
CE2811076898;10GE;ESGOTO ;PAC;TC/PAC 0425/08;NÃO INFORMADO;NÃO INFORMADO;2008;650398;2307809;CE;MARCO;GOV;31/12/2008;29/01/2022;3,611,000.01;401,283.80;3,611,000.00;3,611,000.00;EM EXECUÇÃO - REINICIADA;76.93
CE3004085711;10GE;ESGOTO ;PAC;TC/PAC 0768/08;NÃO INFORMADO;NÃO INFORMADO;2008;650539;2312106;CE;SANTANA DO CARIRI;GOV;31/12/2008;14/03/2022;2,600,000.01;288,888.88;2,600,000.00;1,040,000.00;PARALISADA;27.84
CE2712195448;10GE;ESGOTO ;PROGRAMAÇÃO;CV 1198/19;55960/2019;895868/2019;2019;895868;2304400;CE;FORTALEZA;SECRETARIA DAS CIDADES;31/12/2019;31/12/2022;24,705,000.00;0.00;24,705,000.00;0.00;NÃO INICIADA - LICITAÇÃO NÃO CONCLUÍDA;0.00
CE0604139032;10GE;ESGOTO ;PAC;TC/PAC 0673/14;NÃO INFORMADO;NÃO INFORMADO;2014;679191;2305357;CE;ICAPUI;PM;07/05/2014;29/09/2021;17,832,885.01;433,445.02;17,533,914.52;17,533,914.52;EM EXECUÇÃO;83.00
CE0504138184;10GE;ESGOTO ;PAC;TC/PAC 0653/14;NÃO INFORMADO;NÃO INFORMADO;2014;679187;2305902;CE;IPUEIRAS;PM;07/05/2014;12/07/2022;12,360,444.50;0.00;12,355,426.85;9,885,846.77;EM EXECUÇÃO;76.96
CE1212182324;10GE;ESGOTO ;EMENDA;CV 2285/18;64090/2018;881197/2018;2018;881197;2305902;CE;IPUEIRAS;PM;31/12/2018;31/12/2021;20,500,000.00;0.00;8,000,000.00;0.00;NÃO INICIADA - LICITAÇÃO NÃO CONCLUÍDA;0.00
CE1110176723;10GE;ESGOTO ;PROGRAMAÇÃO;CV 0374/17;88459/2017;855869/2017;2017;855869;2306108;CE;IRAUCUBA;PM;30/12/2017;17/05/2022;2,931,187.56;68,390.38;2,931,187.56;1,172,475.02;EM EXECUÇÃO;19.46
CE1312182334;10GE;ESGOTO ;EMENDA;CV 2295/18;64165/2018;881210/2018;2018;881210;2306306;CE;ITAPAGE;PM;31/12/2018;31/12/2021;15,000,000.00;150,000.00;6,200,000.00;0.00;NÃO INICIADA - LICITAÇÃO NÃO CONCLUÍDA;0.00
CE0504138708;10GE;ESGOTO ;PAC;TC/PAC 0666/14;NÃO INFORMADO;NÃO INFORMADO;2014;682435;2307809;CE;MARCO;GOV;24/11/2014;29/09/2021;2,365,694.95;0.00;2,365,694.95;1,182,847.48;EM EXECUÇÃO;28.24
CE0304180318;10GE;ESGOTO ;EMENDA;CV 0307/18;25561/2018;864814/2018;2018;864814;2307809;CE;MARCO;PM;29/06/2018;29/05/2022;5,000,000.00;271,654.14;1,000,000.00;0.00;NÃO INICIADA - LICITAÇÃO NÃO CONCLUÍDA;0.00
CE0504138331;10GE;ESGOTO ;PAC;TC/PAC 0656/14;NÃO INFORMADO;NÃO INFORMADO;2014;679621;2308005;CE;MASSAPE;PM;07/05/2014;28/10/2021;3,107,649.78;0.00;3,107,649.78;1,553,824.88;EM EXECUÇÃO;20.00
CE1507111703;10GE;ESGOTO ;PAC;TC/PAC 0305/12;NÃO INFORMADO;NÃO INFORMADO;2012;678786;2308104;CE;MAURITI;GOV;28/12/2012;24/02/2023;12,256,532.77;0.00;9,124,988.65;0.00;NÃO INICIADA - LICITAÇÃO CONCLUÍDA;0.00
CE1507111880;10GE;ESGOTO ;PAC;TC/PAC 0306/12;NÃO INFORMADO;NÃO INFORMADO;2012;672428;2308302;CE;MILAGRES;GOV;08/06/2012;28/08/2023;16,805,765.59;0.00;13,048,894.60;0.00;NÃO INICIADA - LICITAÇÃO CONCLUÍDA;0.00
CE0504138825;10GE;ESGOTO ;PAC;TC/PAC 0668/14;NÃO INFORMADO;NÃO INFORMADO;2014;679643;2309458;CE;OCARA;PM;07/05/2014;25/11/2021;1,842,567.60;0.00;1,474,054.08;921,283.80;EM EXECUÇÃO;14.59
CE1407116894;10GE;ESGOTO ;PAC;TC/PAC 0237/13;NÃO INFORMADO;NÃO INFORMADO;2013;678752;2313005;CE;SOLONOPOLE;PM;31/12/2013;28/11/2021;8,455,478.86;0.00;8,455,478.86;8,455,478.86;EM EXECUÇÃO;80.00
CE1507119994;10GE;ESGOTO ;PAC;TC/PAC 0194/12;NÃO INFORMADO;NÃO INFORMADO;2012;671618;2313104;CE;TABULEIRO DO NORTE;PM;15/03/2012;12/11/2022;4,499,999.98;0.00;5,928,749.97;2,249,999.99;EM EXECUÇÃO;35.22
CE3011070354;10GE;ESGOTO ;PAC;TC/PAC 0769/08;NÃO INFORMADO;NÃO INFORMADO;2008;644434;2313104;CE;TABULEIRO DO NORTE;PM;31/12/2008;26/01/2022;3,494,978.47;183,974.80;3,494,978.47;1,048,493.54;EM EXECUÇÃO;37.90
CE1312182336;10GE;ESGOTO ;EMENDA;CV 2297/18;64205/2018;881212/2018;2018;881212;2313351;CE;TEJUCUOCA;PM;31/12/2018;31/12/2021;6,106,832.46;0.00;3,664,099.47;3,664,099.47;EM EXECUÇÃO;34.06
CE1507112415;10GE;ESGOTO ;PAC;TC/PAC 0003/14;NÃO INFORMADO;NÃO INFORMADO;2014;680967;2313351;CE;TEJUCUOCA;PM;10/09/2014;29/09/2021;4,655,961.37;0.00;4,655,961.37;4,655,961.37;EM EXECUÇÃO;70.00
CE0612182282;10GE;ESGOTO ;EMENDA;CV 2243/18;63801/2018;880734/2018;2018;880734;2313609;CE;UBAJARA;PM;27/12/2018;31/12/2021;10,000,000.00;0.00;2,000,000.00;0.00;NÃO INICIADA - LICITAÇÃO NÃO CONCLUÍDA;0.00
CE0104135916;10GE;ESGOTO ;PAC;TC/PAC 0278/14;NÃO INFORMADO;NÃO INFORMADO;2014;679436;2313955;CE;VARJOTA;PM;07/05/2014;09/06/2023;3,649,355.81;0.00;3,649,355.81;2,919,484.64;EM EXECUÇÃO;49.75
ES1604086033;10GE;ESGOTO ;PAC;TC/PAC 0774/08;NÃO INFORMADO;NÃO INFORMADO;2008;649161;3200169;ES;AGUA DOCE DO NORTE;PM;31/12/2008;31/12/2021;2,750,000.00;175,981.59;2,750,000.00;1,925,000.00;EM EXECUÇÃO - REINICIADA;85.00
ES3011074666;10GE;ESGOTO ;PAC;TC/PAC 0291/07;NÃO INFORMADO;NÃO INFORMADO;2007;632988;3200201;ES;ALEGRE;PM;31/12/2007;11/04/2022;3,900,000.00;481,976.80;3,900,000.00;3,900,000.00;EM EXECUÇÃO - REINICIADA;90.00
ES0504137624;10GE;ESGOTO ;PAC;TC/PAC 0328/14;NÃO INFORMADO;NÃO INFORMADO;2014;682614;3200805;ES;BAIXO GUANDU;PM;29/05/2014;24/05/2022;1,756,834.36;0.00;1,405,467.50;878,417.19;EM EXECUÇÃO;22.00
ES1709108672;10GE;ESGOTO ;PROGRAMAÇÃO;CV 0036/10;35213/2010;749007/2010;2010;749007;3200805;ES;BAIXO GUANDU;PM;30/12/2010;30/04/2022;200,000.00;4,200.00;200,000.00;0.00;NÃO INICIADA - LICITAÇÃO NÃO CONCLUÍDA;0.00
ES1507110873;10GE;ESGOTO ;PAC;TC/PAC 0109/11;NÃO INFORMADO;NÃO INFORMADO;2011;669477;3201100;ES;BOM JESUS DO NORTE;PM;21/12/2011;11/04/2022;4,212,017.03;0.00;4,212,017.03;4,212,017.03;EM EXECUÇÃO;70.00
ES2306067574;10GE;ESGOTO ;PROGRAMAÇÃO;CV 0582/06;NÃO INFORMADO;NÃO INFORMADO;2006;573962;3202256;ES;GOVERNADOR LINDENBERG;PM;20/06/2006;12/07/2022;361,207.87;228,337.77;324,277.00;324,277.00;EM EXECUÇÃO - REINICIADA;66.00
ES3011073155;10GE;ESGOTO ;PROGRAMAÇÃO;CV 1411/07;NÃO INFORMADO;NÃO INFORMADO;2007;622586;3202256;ES;GOVERNADOR LINDENBERG;PM;31/12/2007;18/04/2022;1,321,081.26;63,213.74;1,314,168.00;919,917.60;EM EXECUÇÃO - REINICIADA;42.00
ES2911073257;10GE;ESGOTO ;PAC;TC/PAC 0293/07;NÃO INFORMADO;NÃO INFORMADO;2007;632327;3202306;ES;GUACUI;PM;31/12/2007;11/04/2022;2,559,885.34;238,419.70;2,559,885.34;2,389,190.68;CONCLUÍDA COM ETAPA ÚTIL E SEM PENDÊNCIA;98.00
ES0304180345;10GE;ESGOTO ;EMENDA;CV 0334/18;27634/2018;864517/2018;2018;864517;3202306;ES;GUACUI;PM;01/06/2018;01/05/2022;259,901.25;0.00;259,901.25;0.00;NÃO INICIADA - LICITAÇÃO CONCLUÍDA;0.00
ES1507119315;10GE;ESGOTO ;PAC;TC/PAC 0083/11;NÃO INFORMADO;NÃO INFORMADO;2011;668753;3202504;ES;IBIRACU;PM;21/12/2011;11/04/2022;929,930.37;0.00;913,622.92;365,449.17;PARALISADA;40.00
ES0504137841;10GE;ESGOTO ;PAC;TC/PAC 0329/14;NÃO INFORMADO;NÃO INFORMADO;2014;681757;3202702;ES;ITAGUACU;PM;07/05/2014;28/04/2022;4,410,557.81;0.00;4,410,557.81;3,783,795.25;EM EXECUÇÃO;61.51
ES1709108705;10GE;ESGOTO ;PROGRAMAÇÃO;CV 0098/10;24848/2010;749042/2010;2010;749042;3203353;ES;MARILANDIA;PM;30/12/2010;12/07/2022;200,000.00;21,738.64;200,000.00;200,000.00;EM EXECUÇÃO;85.00
ES2910096217;10GE;ESGOTO ;EMENDA;CV 0093/09;91037/2009;708886/2009;2009;708886;3203353;ES;MARILANDIA;PM;31/12/2009;12/07/2022;299,876.42;338,391.74;299,876.42;299,876.42;EM EXECUÇÃO;90.00
ES1507111157;10GE;ESGOTO ;PAC;TC/PAC 0229/11;NÃO INFORMADO;NÃO INFORMADO;2011;668783;3203908;ES;NOVA VENECIA;GOV;21/12/2011;31/12/2021;13,329,329.33;0.00;15,016,744.67;9,330,530.53;CONCLUÍDA COM ETAPA ÚTIL E SEM PENDÊNCIA;100.00
ES1507111101;10GE;ESGOTO ;PAC;TC/PAC 0238/11;NÃO INFORMADO;NÃO INFORMADO;2011;669419;3204005;ES;PANCAS;PM;21/12/2011;11/04/2022;12,007,120.65;0.00;12,007,120.65;8,404,984.46;EM EXECUÇÃO;92.00
ES0504138848;10GE;ESGOTO ;PAC;TC/PAC 0333/14;NÃO INFORMADO;NÃO INFORMADO;2014;682615;3204401;ES;RIO NOVO DO SUL;PM;07/05/2014;31/12/2022;11,972,541.80;0.00;2,394,508.36;0.00;NÃO INICIADA - LICITAÇÃO NÃO CONCLUÍDA;0.00
ES0407112384;10GE;ESGOTO ;PAC;TC/PAC 0065/11;NÃO INFORMADO;NÃO INFORMADO;2011;669417;3204807;ES;SAO JOSE DO CALCADO;PM;21/12/2011;21/04/2022;9,221,049.66;0.00;8,685,584.92;6,079,909.44;EM EXECUÇÃO;32.25
ES1610093747;10GE;ESGOTO ;PAC;TC/PAC 0439/09;NÃO INFORMADO;NÃO INFORMADO;2009;657761;3204955;ES;SAO ROQUE DO CANAA;PM;31/12/2009;30/07/2022;2,399,780.00;1,686,904.46;2,399,780.00;1,584,284.27;EM EXECUÇÃO - REINICIADA;51.00
GO0304180283;10GE;ESGOTO ;EMENDA;CV 0272/18;27307/2018;864472/2018;2018;864472;5200829;GO;AMARALINA;PM;01/06/2018;31/12/2022;4,000,000.00;0.00;800,000.00;0.00;NÃO INICIADA - LICITAÇÃO NÃO CONCLUÍDA;0.00
GO0405180750;10GE;ESGOTO ;EMENDA;CV 0735/18;45306/2018;865960/2018;2018;865960;5203609;GO;BRAZABRANTES;PM;29/06/2018;29/11/2022;4,000,000.00;0.00;800,000.00;0.00;NÃO INICIADA - LICITAÇÃO NÃO CONCLUÍDA;0.00
GO0304180240;10GE;ESGOTO ;EMENDA;CV 0231/18;30040/2018;864455/2018;2018;864455;5204102;GO;CACHOEIRA ALTA;PM;26/11/2018;26/11/2021;5,000,000.00;15,436.74;1,000,000.00;0.00;NÃO INICIADA - LICITAÇÃO NÃO CONCLUÍDA;0.00
GO0304180258;10GE;ESGOTO ;EMENDA;CV 0249/18;28849/2018;864464/2018;2018;864464;5205471;GO;CHAPADAO DO CEU;PM;01/06/2018;01/05/2022;3,000,000.00;0.00;600,000.00;0.00;NÃO INICIADA - LICITAÇÃO NÃO CONCLUÍDA;0.00
GO2103135480;10GE;ESGOTO ;PAC;TC/PAC 0049/14;NÃO INFORMADO;NÃO INFORMADO;2014;679384;5205802;GO;CORUMBA DE GOIAS;PM;07/05/2014;05/05/2022;7,451,019.28;0.00;6,451,019.28;3,725,509.64;PARALISADA;19.65
GO0504138444;10GE;ESGOTO ;PAC;TC/PAC 0048/14;NÃO INFORMADO;NÃO INFORMADO;2014;679837;5207105;GO;DIORAMA;PM;07/05/2014;06/05/2022;5,825,395.37;0.00;5,825,395.37;4,660,316.28;EM EXECUÇÃO;88.22
GO0304180244;10GE;ESGOTO ;EMENDA;CV 0235/18;30583/2018;864458/2018;2018;864458;5208152;GO;GAMELEIRA DE GOIAS;PM;01/06/2018;01/05/2023;4,000,000.00;0.00;800,000.00;0.00;NÃO INICIADA - LICITAÇÃO NÃO CONCLUÍDA;0.00
GO0504138370;10GE;ESGOTO ;PAC;TC/PAC 0047/14;NÃO INFORMADO;NÃO INFORMADO;2014;679869;5208509;GO;GOIANDIRA;PM;07/05/2014;01/04/2022;3,864,697.25;0.00;778,954.32;772,939.45;NÃO INICIADA - LICITAÇÃO NÃO CONCLUÍDA;0.00
GO0504138120;10GE;ESGOTO ;PAC;TC/PAC 0045/14;NÃO INFORMADO;NÃO INFORMADO;2014;679830;5209952;GO;INDIARA;PM;07/05/2014;26/04/2022;4,695,211.45;0.00;853,916.34;0.00;EM EXECUÇÃO;0.00
GO1507118449;10GE;ESGOTO ;PAC;TC/PAC 0219/12;NÃO INFORMADO;NÃO INFORMADO;2012;671635;5209952;GO;INDIARA;PM;15/03/2012;26/04/2022;6,548,840.63;0.00;6,023,074.60;4,373,882.03;EM EXECUÇÃO;43.60
GO2004180738;10GE;ESGOTO ;EMENDA;CV 0723/18;41816/2018;865458/2018;2018;865458;5211701;GO;JANDAIA;PM;29/06/2018;29/05/2022;7,000,000.00;0.00;2,116,081.73;0.00;NÃO INICIADA - LICITAÇÃO NÃO CONCLUÍDA;0.00
GO0507180962;10GE;ESGOTO ;EMENDA;CV 0941/18;55741/2018;874459/2018;2018;874459;5212055;GO;JESUPOLIS;PM;31/12/2018;31/12/2021;8,000,000.00;0.00;8,000,000.00;0.00;NÃO INICIADA - LICITAÇÃO CONCLUÍDA;0.00
GO0207180951;10GE;ESGOTO ;EMENDA;CV 0930/18;55082/2018;873521/2018;2018;873521;5213087;GO;MINACU;PM;31/12/2018;31/12/2021;3,000,000.00;0.00;600,000.00;0.00;NÃO INICIADA - LICITAÇÃO NÃO CONCLUÍDA;0.00
GO2012193255;10GE;ESGOTO ;PROGRAMAÇÃO;CV 0842/19;54690/2019;895924/2019;2019;895924;5214002;GO;MOZARLANDIA;PM;31/12/2019;31/12/2022;10,000,000.00;0.00;10,000,000.00;0.00;NÃO INICIADA - LICITAÇÃO NÃO CONCLUÍDA;0.00
GO0504137473;10GE;ESGOTO ;PAC;TC/PAC 0029/14;NÃO INFORMADO;NÃO INFORMADO;2014;679273;5214051;GO;MUNDO NOVO;PM;06/05/2014;05/05/2022;7,266,712.28;0.00;7,266,712.28;5,813,369.82;PARALISADA;56.57
GO0404136786;10GE;ESGOTO ;PAC;TC/PAC 0021/14;NÃO INFORMADO;NÃO INFORMADO;2014;679312;5215900;GO;PALMINOPOLIS;PM;07/05/2014;06/11/2021;3,186,945.51;0.00;2,784,268.80;1,375,986.80;EM EXECUÇÃO;29.32
GO1004180698;10GE;ESGOTO ;EMENDA;CV 0683/18;39930/2018;865074/2018;2018;865074;5216304;GO;PARANAIGUARA;PM;29/06/2018;29/05/2022;8,000,000.00;107,888.94;1,600,000.00;79,227.15;NÃO INICIADA - LICITAÇÃO NÃO CONCLUÍDA;0.00
GO0304180235;10GE;ESGOTO ;EMENDA;CV 0226/18;30617/2018;864452/2018;2018;864452;5218052;GO;PORTEIRAO;PM;29/06/2018;29/05/2022;4,000,000.00;0.00;800,000.00;0.00;NÃO INICIADA - LICITAÇÃO NÃO CONCLUÍDA;0.00
GO2611182179;10GE;ESGOTO ;EMENDA;CV 2141/18;62854/2018;879885/2018;2018;879885;5220207;GO;SAO MIGUEL DO ARAGUAIA;PM;28/11/2018;28/11/2021;2,487,935.51;0.00;2,487,935.51;497,587.10;EM EXECUÇÃO;16.72
GO0404136751;10GE;ESGOTO ;PAC;TC/PAC 0020/14;NÃO INFORMADO;NÃO INFORMADO;2014;679419;5220504;GO;SERRANOPOLIS;PM;07/05/2014;05/05/2022;7,728,216.35;0.00;6,182,573.09;1,545,643.27;PARALISADA;21.41
GO0504137747;10GE;ESGOTO ;PAC;TC/PAC 0036/14;NÃO INFORMADO;NÃO INFORMADO;2014;679870;5221080;GO;TERESINA DE GOIAS;PM;07/05/2014;01/04/2022;4,360,429.87;0.00;872,085.97;0.00;NÃO INICIADA - LICITAÇÃO NÃO CONCLUÍDA;0.00
GO0304180288;10GE;ESGOTO ;EMENDA;CV 0277/18;26395/2018;864808/2018;2018;864808;5221551;GO;TURVELANDIA;PM;01/06/2018;01/06/2023;4,000,000.00;0.00;800,000.00;0.00;NÃO INICIADA - LICITAÇÃO NÃO CONCLUÍDA;0.00
MA2703135732;10GE;ESGOTO ;PAC;TC/PAC 0069/14;NÃO INFORMADO;NÃO INFORMADO;2014;679333;2103158;MA;CENTRO DO GUILHERME;PM;07/05/2014;27/03/2022;6,100,569.01;0.00;4,880,455.20;3,050,284.50;EM EXECUÇÃO;20.48
MG0504138613;10GE;ESGOTO ;PAC;TC/PAC 0592/14;NÃO INFORMADO;NÃO INFORMADO;2014;680623;3100302;MG;ABRE CAMPO;PM;07/05/2014;31/12/2021;6,730,241.52;0.00;6,730,241.52;5,384,193.22;EM EXECUÇÃO - REINICIADA;63.60
MG0204136067;10GE;ESGOTO ;PAC;TC/PAC 0340/14;NÃO INFORMADO;NÃO INFORMADO;2014;679153;3103207;MG;ARACAI;PM;07/05/2014;29/06/2022;3,428,335.91;0.00;3,428,335.91;3,172,640.28;EM EXECUÇÃO;88.93
MG0304180255;10GE;ESGOTO ;EMENDA;CV 0246/18;29874/2018;864462/2018;2018;864462;3108909;MG;BRASOPOLIS;PM;29/06/2018;29/05/2024;2,738,366.56;0.00;547,673.31;0.00;NÃO INICIADA - LICITAÇÃO NÃO CONCLUÍDA;0.00
MG0404137195;10GE;ESGOTO ;PAC;TC/PAC 0383/14;NÃO INFORMADO;NÃO INFORMADO;2014;679524;3109303;MG;BURITIS;PM;07/05/2014;21/10/2021;4,829,954.26;0.00;241,519.27;0.00;NÃO INICIADA - LICITAÇÃO CONCLUÍDA;0.00
MG2012193249;10GE;ESGOTO ;PROGRAMAÇÃO;CV 0838/19;50968/2019;895785/2019;2019;895785;3109808;MG;CACHOEIRA DOURADA;PM;31/12/2019;31/12/2022;1,500,000.00;0.00;1,500,000.00;0.00;NÃO INICIADA - LICITAÇÃO NÃO CONCLUÍDA;0.00
MG0204136230;10GE;ESGOTO ;PAC;TC/PAC 0346/14;NÃO INFORMADO;NÃO INFORMADO;2014;679842;3110608;MG;CAMBUI;PM;07/05/2014;07/05/2022;13,860,388.83;0.00;13,860,388.83;13,621,540.92;EM EXECUÇÃO;91.40
MG0404136893;10GE;ESGOTO ;PAC;TC/PAC 0365/14;NÃO INFORMADO;NÃO INFORMADO;2014;679140;3111804;MG;CANAPOLIS;PM;07/05/2014;31/12/2021;1,879,255.86;0.00;1,879,255.86;1,863,748.73;EM EXECUÇÃO;79.90
MG0304136242;10GE;ESGOTO ;PAC;TC/PAC 0347/14;NÃO INFORMADO;NÃO INFORMADO;2014;679461;3113305;MG;CARANGOLA;PM;07/05/2014;31/12/2022;2,884,126.46;0.00;2,884,126.46;2,884,126.46;EM EXECUÇÃO;65.00
MG1207113730;10GE;ESGOTO ;PAC;TC/PAC 0064/11;NÃO INFORMADO;NÃO INFORMADO;2011;669420;3114204;MG;CARMO DO CAJURU;PM;21/12/2011;27/12/2021;3,621,584.25;871,984.92;3,621,584.25;3,621,584.25;EM EXECUÇÃO - REINICIADA;65.52
MG0504137316;10GE;ESGOTO ;PAC;TC/PAC 0520/14;NÃO INFORMADO;NÃO INFORMADO;2014;679115;3114600;MG;CARRANCAS;PM;07/05/2014;28/10/2021;5,237,915.42;0.00;2,618,957.71;2,618,957.71;EM EXECUÇÃO;47.45
MG0304180319;10GE;ESGOTO ;EMENDA;CV 0308/18;25582/2018;864496/2018;2018;864496;3115706;MG;CENTRAL DE MINAS;PM;01/06/2018;01/05/2023;4,000,000.00;0.00;800,000.00;0.00;NÃO INICIADA - LICITAÇÃO NÃO CONCLUÍDA;0.00
MG0404137009;10GE;ESGOTO ;PAC;TC/PAC 0375/14;NÃO INFORMADO;NÃO INFORMADO;2014;679893;3116159;MG;CHAPADA GAUCHA;PM;07/05/2014;07/05/2022;6,085,457.59;0.00;6,085,457.59;4,868,366.07;PARALISADA;65.03
MG0504137382;10GE;ESGOTO ;PAC;TC/PAC 0523/14;NÃO INFORMADO;NÃO INFORMADO;2014;679507;3116506;MG;CLARO DOS POCOES;PM;07/05/2014;21/04/2022;6,645,251.13;0.00;4,660,548.37;4,660,548.37;EM EXECUÇÃO;78.00
MG1503135370;10GE;ESGOTO ;PAC;TC/PAC 0078/14;NÃO INFORMADO;NÃO INFORMADO;2014;679124;3118403;MG;CONSELHEIRO PENA;PM;07/05/2014;04/07/2022;2,092,885.88;0.00;2,092,885.88;2,092,885.88;EM EXECUÇÃO;95.00
MG1903135421;10GE;ESGOTO ;PAC;TC/PAC 0289/14;NÃO INFORMADO;NÃO INFORMADO;2014;679871;3119302;MG;COROMANDEL;PM;07/05/2014;29/06/2022;7,456,598.30;0.00;7,456,598.30;7,456,597.30;PARALISADA;83.16
MG1507118655;10GE;ESGOTO ;PAC;TC/PAC 0270/12;NÃO INFORMADO;NÃO INFORMADO;2012;672325;3120201;MG;CRISTAIS;PM;16/05/2012;16/11/2021;4,789,041.35;0.00;4,752,246.77;3,352,328.94;EM EXECUÇÃO;77.34
MG0504138161;10GE;ESGOTO ;PAC;TC/PAC 0582/14;NÃO INFORMADO;NÃO INFORMADO;2014;679258;3121001;MG;DATAS;PM;07/05/2014;30/06/2022;3,043,361.35;0.00;3,043,361.35;3,043,361.35;EM EXECUÇÃO;88.69
MG0404136889;10GE;ESGOTO ;PAC;TC/PAC 0364/14;NÃO INFORMADO;NÃO INFORMADO;2014;680659;3123601;MG;ELOI MENDES;PM;07/05/2014;02/05/2022;6,734,966.64;0.00;2,862,511.71;2,862,511.71;NÃO INICIADA - LICITAÇÃO NÃO CONCLUÍDA;37.00
MG1507111202;10GE;ESGOTO ;PAC;TC/PAC 0092/12;NÃO INFORMADO;NÃO INFORMADO;2012;672215;3123908;MG;ENTRE RIOS DE MINAS;PM;27/02/2012;08/01/2022;4,390,290.76;0.00;4,354,290.76;3,729,896.47;EM EXECUÇÃO;77.00
MG0404180630;10GE;ESGOTO ;EMENDA;CV 0615/18;38679/2018;864844/2018;2018;864844;3125705;MG;FELIXLANDIA;PM;31/12/2018;31/12/2021;738,908.29;0.00;147,781.66;0.00;NÃO INICIADA - LICITAÇÃO NÃO CONCLUÍDA;0.00
MG0304180241;10GE;ESGOTO ;EMENDA;CV 0232/18;31906/2018;864456/2018;2018;864456;3125705;MG;FELIXLANDIA;PM;01/06/2018;01/11/2022;2,891,091.71;0.00;578,218.34;0.00;NÃO INICIADA - LICITAÇÃO NÃO CONCLUÍDA;0.00
MG2103135478;10GE;ESGOTO ;PAC;TC/PAC 0290/14;NÃO INFORMADO;NÃO INFORMADO;2014;679141;3125903;MG;FERROS;PM;07/05/2014;27/09/2021;11,239,246.40;0.00;11,239,246.40;11,239,246.40;EM EXECUÇÃO;96.00
MG0504138214;10GE;ESGOTO ;PAC;TC/PAC 0583/14;NÃO INFORMADO;NÃO INFORMADO;2014;679654;3127206;MG;FUNILANDIA;PM;07/05/2014;29/10/2021;3,246,068.40;0.00;2,918,270.17;2,596,854.72;EM EXECUÇÃO;76.08
MG0304180328;10GE;ESGOTO ;EMENDA;CV 0317/18;25464/2018;865063/2018;2018;865063;3127370;MG;GOIABEIRA;PM;01/06/2018;01/05/2023;4,000,000.00;4,000.00;800,000.00;0.00;NÃO INICIADA - LICITAÇÃO NÃO CONCLUÍDA;0.00
MG0204136204;10GE;ESGOTO ;PAC;TC/PAC 0345/14;NÃO INFORMADO;NÃO INFORMADO;2014;680630;3128204;MG;GUARACIABA;PM;07/05/2014;31/12/2022;4,862,267.73;0.00;972,453.55;0.00;NÃO INICIADA - LICITAÇÃO NÃO CONCLUÍDA;0.00
MG1307114783;10GE;ESGOTO ;PAC;TC/PAC 0196/12;NÃO INFORMADO;NÃO INFORMADO;2012;671623;3128709;MG;GUAXUPE;PM;19/03/2012;30/09/2021;14,339,841.50;0.00;14,339,841.50;10,212,895.06;PARALISADA;46.34
MG1503190025;10GE;ESGOTO ;EMENDA;CV 0025/19;4347/2019;882532/2019;2019;882532;3129103;MG;GURINHATA;PM;31/12/2019;31/12/2022;350,000.00;0.00;350,000.00;0.00;NÃO INICIADA - LICITAÇÃO NÃO CONCLUÍDA;0.00
MG0304180248;10GE;ESGOTO ;EMENDA;CV 0239/18;25464/2018;864797/2018;2018;865063;3129301;MG;IAPU;PM;01/06/2018;01/05/2023;4,000,000.00;4,000.00;800,000.00;0.00;NÃO INICIADA - LICITAÇÃO NÃO CONCLUÍDA;0.00
MG0504180648;10GE;ESGOTO ;EMENDA;CV 0633/18;38967/2018;864862/2018;2018;864862;3130309;MG;IGUATAMA;PM;31/12/2018;31/12/2021;1,500,000.00;0.00;300,000.00;0.00;NÃO INICIADA - LICITAÇÃO NÃO CONCLUÍDA;0.00
MG1407116946;10GE;ESGOTO ;PAC;TC/PAC 0316/11;NÃO INFORMADO;NÃO INFORMADO;2011;669432;3130507;MG;ILICINEA;PM;21/12/2011;09/06/2023;4,262,971.38;0.00;4,262,971.38;4,262,971.38;PARALISADA;99.32
MG2203135514;10GE;ESGOTO ;PAC;TC/PAC 0291/14;NÃO INFORMADO;NÃO INFORMADO;2014;680631;3130556;MG;IMBE DE MINAS;PM;07/05/2014;27/12/2021;4,094,284.88;0.00;4,094,284.88;4,094,284.88;EM EXECUÇÃO;78.07
MG0404180634;10GE;ESGOTO ;EMENDA;CV 0619/18;38648/2018;864848/2018;2018;864848;3130705;MG;INDIANOPOLIS;PM;22/12/2018;06/12/2021;600,000.00;0.00;120,000.00;0.00;NÃO INICIADA - LICITAÇÃO NÃO CONCLUÍDA;0.00
MG1903135410;10GE;ESGOTO ;PAC;TC/PAC 0288/14;NÃO INFORMADO;NÃO INFORMADO;2014;679759;3130903;MG;INHAPIM;PM;07/05/2014;26/05/2022;8,750,299.91;0.00;1,750,059.98;1,750,059.98;PARALISADA;0.00
MG0404137147;10GE;ESGOTO ;PAC;TC/PAC 0381/14;NÃO INFORMADO;NÃO INFORMADO;2014;679656;3132602;MG;ITAMARATI DE MINAS;PM;07/05/2014;07/05/2023;2,702,734.27;0.00;540,546.85;540,546.85;PARALISADA;0.18
MG0504137776;10GE;ESGOTO ;PAC;TC/PAC 0533/14;NÃO INFORMADO;NÃO INFORMADO;2014;680625;3132701;MG;ITAMBACURI;PM;07/05/2014;31/12/2021;8,981,655.58;0.00;8,981,655.58;8,981,655.58;PARALISADA;92.08
MG1407116724;10GE;ESGOTO ;PAC;TC/PAC 0147/12;NÃO INFORMADO;NÃO INFORMADO;2012;671760;3136900;MG;JURUAIA;PM;29/03/2012;28/12/2022;5,746,739.22;0.00;5,746,739.22;5,746,739.22;PARALISADA;80.17
MG1507119837;10GE;ESGOTO ;PAC;TC/PAC 0170/12;NÃO INFORMADO;NÃO INFORMADO;2012;671641;3137403;MG;LAGOA DOURADA;PM;15/03/2012;31/12/2021;3,559,701.91;0.00;3,559,701.91;3,559,701.91;EM EXECUÇÃO;84.85
MG0304180238;10GE;ESGOTO ;EMENDA;CV 0229/18;30432/2018;864453/2018;2018;864453;3137403;MG;LAGOA DOURADA;PM;01/06/2018;21/04/2023;3,558,576.52;0.00;711,715.30;0.00;NÃO INICIADA - LICITAÇÃO NÃO CONCLUÍDA;0.00
MG2703135769;10GE;ESGOTO ;PAC;TC/PAC 0299/14;NÃO INFORMADO;NÃO INFORMADO;2014;680874;3139201;MG;MALACACHETA;PM;07/05/2014;06/05/2022;2,398,913.19;0.00;2,398,913.19;1,919,130.56;EM EXECUÇÃO;74.21
MG0504138149;10GE;ESGOTO ;PAC;TC/PAC 0581/14;NÃO INFORMADO;NÃO INFORMADO;2014;680254;3139607;MG;MANTENA;PM;04/06/2014;31/12/2021;2,242,038.09;0.00;2,242,038.09;1,793,630.46;PARALISADA;76.05
MG0504138336;10GE;ESGOTO ;PAC;TC/PAC 0587/14;NÃO INFORMADO;NÃO INFORMADO;2014;679625;3141702;MG;MESQUITA;PM;07/05/2014;07/05/2022;3,086,439.00;0.00;3,086,439.09;1,543,219.50;EM EXECUÇÃO;20.62
MG2603135666;10GE;ESGOTO ;PAC;TC/PAC 0295/14;NÃO INFORMADO;NÃO INFORMADO;2014;680603;3142106;MG;MIRADOURO;PM;06/05/2014;30/09/2021;5,634,626.00;0.00;5,634,626.00;5,634,626.00;EM EXECUÇÃO;80.00
MG0504137986;10GE;ESGOTO ;PAC;TC/PAC 0541/14;NÃO INFORMADO;NÃO INFORMADO;2014;680660;3142700;MG;MONTALVANIA;PM;07/05/2014;05/11/2022;7,506,271.78;0.00;7,506,271.78;7,506,261.76;EM EXECUÇÃO;84.72
MG2012182563;10GE;ESGOTO ;EMENDA;CV 2523/18;64808/2018;881690/2018;2018;881690;3143104;MG;MONTE CARMELO;PM;31/12/2018;31/12/2021;297,500.00;2,500.00;59,500.00;0.00;NÃO INICIADA - LICITAÇÃO NÃO CONCLUÍDA;0.00
MG1507118762;10GE;ESGOTO ;PAC;TC/PAC 0146/12;NÃO INFORMADO;NÃO INFORMADO;2012;671747;3144102;MG;MUZAMBINHO;PM;29/03/2012;28/11/2022;4,165,244.83;0.00;4,165,244.83;4,165,244.83;PARALISADA;69.86
MG0504137387;10GE;ESGOTO ;PAC;TC/PAC 0524/14;NÃO INFORMADO;NÃO INFORMADO;2014;679527;3144300;MG;NANUQUE;PM;07/05/2014;31/12/2021;15,794,887.40;0.00;11,606,035.51;7,417,183.62;EM EXECUÇÃO;22.50
MG2703135722;10GE;ESGOTO ;PAC;TC/PAC 0296/14;NÃO INFORMADO;NÃO INFORMADO;2014;680608;3144409;MG;NATERCIA;PM;07/05/2014;06/05/2022;4,291,577.20;0.00;4,291,577.20;3,433,261.76;EM EXECUÇÃO;44.07
MG0304180286;10GE;ESGOTO ;EMENDA;CV 0275/18;26353/2018;864475/2018;2018;864475;3144508;MG;NAZARENO;PM;01/06/2018;01/05/2023;4,000,000.00;0.00;800,000.00;0.00;NÃO INICIADA - LICITAÇÃO NÃO CONCLUÍDA;0.00
MG1507118794;10GE;ESGOTO ;PAC;TC/PAC 0263/12;NÃO INFORMADO;NÃO INFORMADO;2012;671743;3145109;MG;NOVA RESENDE;PM;29/03/2012;01/04/2022;9,442,870.05;0.00;9,442,870.05;9,054,296.04;EM EXECUÇÃO;71.88
MG0204136194;10GE;ESGOTO ;PAC;TC/PAC 0344/14;NÃO INFORMADO;NÃO INFORMADO;2014;679132;3145307;MG;NOVO CRUZEIRO;PM;07/05/2014;29/06/2022;15,259,062.83;0.00;15,259,062.83;15,259,062.81;EM EXECUÇÃO;87.00
MG0810093596;10GE;ESGOTO ;PAC;TC/PAC 0452/09;NÃO INFORMADO;NÃO INFORMADO;2009;658092;3145604;MG;OLIVEIRA;PM;31/12/2009;31/12/2021;6,188,292.47;2,418,301.30;6,188,292.47;6,188,292.47;EM EXECUÇÃO - REINICIADA;66.72
MG0504137372;10GE;ESGOTO ;PAC;TC/PAC 0522/14;NÃO INFORMADO;NÃO INFORMADO;2014;682885;3145851;MG;ORATORIOS;PM;07/05/2014;31/12/2022;2,413,527.77;0.00;482,705.55;458,920.98;NÃO INICIADA - LICITAÇÃO CONCLUÍDA;0.00
MG0204136078;10GE;ESGOTO ;PAC;TC/PAC 0341/14;NÃO INFORMADO;NÃO INFORMADO;2014;680256;3147303;MG;PARAISOPOLIS;PM;07/05/2014;06/05/2022;11,394,137.60;0.00;8,995,229.18;8,995,229.18;EM EXECUÇÃO;59.79
MG1403190019;10GE;ESGOTO ;EMENDA;CV 0019/19;2318/2019;882527/2019;2019;882527;3148608;MG;PECANHA;PM;31/12/2019;31/12/2022;500,000.00;0.00;500,000.00;0.00;NÃO INICIADA - LICITAÇÃO NÃO CONCLUÍDA;0.00
MG0204136126;10GE;ESGOTO ;PAC;TC/PAC 0342/14;NÃO INFORMADO;NÃO INFORMADO;2014;679372;3149408;MG;PEDRO TEIXEIRA;PM;07/05/2014;07/05/2022;4,216,992.30;0.00;3,330,839.93;3,330,839.93;EM EXECUÇÃO;63.98
MG0304180272;10GE;ESGOTO ;EMENDA;CV 0263/18;27429/2018;864762/2018;2018;864762;3150604;MG;PIRACEMA;PM;01/06/2018;01/05/2023;4,000,000.00;1,892.91;800,000.00;0.00;NÃO INICIADA - LICITAÇÃO NÃO CONCLUÍDA;0.00
MG2703135791;10GE;ESGOTO ;PAC;TC/PAC 0300/14;NÃO INFORMADO;NÃO INFORMADO;2014;681501;3152402;MG;POTE;PM;07/05/2014;29/06/2022;14,167,374.26;0.00;14,167,374.26;14,167,374.26;EM EXECUÇÃO - REINICIADA;97.12
MG0504137440;10GE;ESGOTO ;PAC;TC/PAC 0525/14;NÃO INFORMADO;NÃO INFORMADO;2014;679456;3153400;MG;PRESIDENTE OLEGARIO;PM;07/05/2014;16/04/2022;4,254,014.80;0.00;4,254,014.80;4,254,014.80;EM EXECUÇÃO;71.39
MG0304136297;10GE;ESGOTO ;PAC;TC/PAC 0352/14;NÃO INFORMADO;NÃO INFORMADO;2014;680045;3154903;MG;RIO CASCA;PM;18/06/2014;31/12/2021;10,583,238.62;0.00;8,466,590.90;10,583,238.62;EM EXECUÇÃO;71.02
MG0404136995;10GE;ESGOTO ;PAC;TC/PAC 0372/14;NÃO INFORMADO;NÃO INFORMADO;2014;680685;3155504;MG;RIO PARANAIBA;PM;07/05/2014;07/05/2022;1,011,387.40;0.00;50,569.37;0.00;EM EXECUÇÃO;0.00
MG0504137311;10GE;ESGOTO ;PAC;TC/PAC 0519/14;NÃO INFORMADO;NÃO INFORMADO;2014;680671;3156106;MG;RITAPOLIS;PM;07/05/2014;07/05/2022;7,487,080.57;0.00;374,556.70;0.00;EM EXECUÇÃO;0.00
MG0404137091;10GE;ESGOTO ;PAC;TC/PAC 0379/14;NÃO INFORMADO;NÃO INFORMADO;2014;679435;3156304;MG;RODEIRO;PM;07/05/2014;31/12/2022;6,604,727.78;0.00;6,604,727.78;3,302,363.89;PARALISADA;25.81
MG2205170316;10GE;ESGOTO ;EMENDA;CV 0092/17;21312/2017;847968/2017;2017;847968;3158904;MG;SANTANA DO MANHUACU;PM;30/12/2017;12/07/2023;250,000.00;5,000.00;250,000.00;0.00;NÃO INICIADA - LICITAÇÃO NÃO CONCLUÍDA;0.00
MG0304180310;10GE;ESGOTO ;EMENDA;CV 0299/18;25764/2018;864490/2018;2018;864490;3160108;MG;SANTO ANTONIO DO GRAMA;PM;01/06/2018;21/04/2023;3,104,264.76;0.00;620,852.95;0.00;NÃO INICIADA - LICITAÇÃO NÃO CONCLUÍDA;0.00
MG0304180247;10GE;ESGOTO ;EMENDA;CV 0238/18;30203/2018;864459/2018;2018;864459;3160306;MG;SANTO ANTONIO DO JACINTO;PM;01/06/2018;21/04/2023;4,000,000.00;0.00;800,000.00;0.00;NÃO INICIADA - LICITAÇÃO NÃO CONCLUÍDA;0.00
MG0404137007;10GE;ESGOTO ;PAC;TC/PAC 0374/14;NÃO INFORMADO;NÃO INFORMADO;2014;679374;3161205;MG;SAO FRANCISCO DE PAULA;PM;07/05/2014;26/12/2021;3,122,376.06;0.00;3,122,376.06;3,122,376.06;EM EXECUÇÃO;80.00
MG0404137010;10GE;ESGOTO ;PAC;TC/PAC 0376/14;NÃO INFORMADO;NÃO INFORMADO;2014;680052;3161304;MG;SAO FRANCISCO DE SALES;PM;07/05/2014;02/05/2022;3,054,851.06;0.00;3,054,851.06;3,054,851.06;EM EXECUÇÃO;79.62
MG0304180265;10GE;ESGOTO ;EMENDA;CV 0256/18;27945/2018;864466/2018;2018;864466;3161403;MG;SAO FRANCISCO DO GLORIA;PM;01/06/2018;01/05/2023;4,000,000.00;156,840.68;800,000.00;0.00;NÃO INICIADA - LICITAÇÃO NÃO CONCLUÍDA;0.00
MG0404136688;10GE;ESGOTO ;PAC;TC/PAC 0360/14;NÃO INFORMADO;NÃO INFORMADO;2014;679433;3163003;MG;SAO JOSE DA SAFIRA;PM;07/05/2014;30/06/2022;4,595,967.19;0.00;3,676,773.75;4,595,967.19;EM EXECUÇÃO;83.75
MG0304136366;10GE;ESGOTO ;PAC;TC/PAC 0353/14;NÃO INFORMADO;NÃO INFORMADO;2014;680039;3163508;MG;SAO JOSE DO JACURI;PM;18/06/2014;30/06/2022;4,333,205.72;0.00;3,939,277.93;3,209,943.57;EM EXECUÇÃO;66.99
MG0504138040;10GE;ESGOTO ;PAC;TC/PAC 0543/14;NÃO INFORMADO;NÃO INFORMADO;2014;680607;3164605;MG;SAO SEBASTIAO DO OESTE;PM;07/05/2014;31/12/2021;4,971,736.08;0.00;3,977,388.86;2,085,562.53;EM EXECUÇÃO;18.77
MG0504137332;10GE;ESGOTO ;PAC;TC/PAC 0521/14;NÃO INFORMADO;NÃO INFORMADO;2014;679753;3165404;MG;SAPUCAI MIRIM;PM;07/05/2014;30/09/2021;4,799,896.28;0.00;3,839,917.02;959,979.25;PARALISADA;0.00
MG0404136904;10GE;ESGOTO ;PAC;TC/PAC 0366/14;NÃO INFORMADO;NÃO INFORMADO;2014;679430;3165560;MG;SEM PEIXE;PM;07/05/2014;07/05/2022;3,450,934.90;0.00;3,450,934.90;2,760,747.92;EM EXECUÇÃO;85.41
MG1312182326;10GE;ESGOTO ;EMENDA;CV 2287/18;64099/2018;881320/2018;2018;881320;3165800;MG;SENADOR JOSE BENTO;PM;31/12/2018;31/12/2021;750,000.00;0.00;150,000.00;0.00;NÃO INICIADA - LICITAÇÃO NÃO CONCLUÍDA;0.00
MG0304180239;10GE;ESGOTO ;EMENDA;CV 0230/18;30094/2018;864454/2018;2018;864454;3166204;MG;SENHORA DOS REMEDIOS;PM;01/06/2018;01/05/2022;4,000,000.00;0.00;800,000.00;0.00;NÃO INICIADA - LICITAÇÃO NÃO CONCLUÍDA;0.00
MG0104136011;10GE;ESGOTO ;PAC;TC/PAC 0074/14;NÃO INFORMADO;NÃO INFORMADO;2014;680635;3169356;MG;TRES MARIAS;PM;07/05/2014;07/05/2022;3,233,524.13;0.00;3,233,524.13;3,233,524.12;EM EXECUÇÃO;84.00
MG0404136952;10GE;ESGOTO ;PAC;TC/PAC 0369/14;NÃO INFORMADO;NÃO INFORMADO;2014;679367;3169703;MG;TURMALINA;PM;07/05/2014;07/05/2022;2,911,239.56;0.00;2,911,239.57;2,911,239.56;PARALISADA;91.59
MG0304180274;10GE;ESGOTO ;EMENDA;CV 0264/18;27353/2018;864763/2018;2018;864763;3169802;MG;TURVOLANDIA;PM;01/06/2018;01/05/2024;4,000,000.00;0.00;800,000.00;0.00;NÃO INICIADA - LICITAÇÃO NÃO CONCLUÍDA;0.00
MG0304180285;10GE;ESGOTO ;EMENDA;CV 0274/18;26871/2018;864474/2018;2018;864474;3170578;MG;VARGEM ALEGRE;PM;01/06/2018;01/05/2023;4,000,000.00;94,851.74;4,000,000.00;3,200,000.00;EM EXECUÇÃO;31.00
MG0304180234;10GE;ESGOTO ;EMENDA;CV 0225/18;30101/2018;864793/2018;2018;864793;3171105;MG;VERISSIMO;PM;29/06/2018;29/05/2022;392,646.07;0.00;78,529.21;0.00;NÃO INICIADA - LICITAÇÃO NÃO CONCLUÍDA;0.00
MG1507119263;10GE;ESGOTO ;PAC;TC/PAC 0275/11;NÃO INFORMADO;NÃO INFORMADO;2011;669493;3171154;MG;VERMELHO NOVO;PM;21/12/2011;21/12/2021;1,794,205.16;0.00;1,794,205.16;1,794,205.16;EM EXECUÇÃO;95.61
MS0304180236;10GE;ESGOTO ;EMENDA;CV 0227/18;30041/2018;864794/2018;2018;864794;5002209;MS;BONITO;PM;30/11/2018;30/11/2021;2,500,000.00;0.00;500,000.00;0.00;NÃO INICIADA - LICITAÇÃO NÃO CONCLUÍDA;0.00
MS1912182480;10GE;ESGOTO ;EMENDA;CV 2441/18;64664/2018;881537/2018;2018;881537;5002902;MS;CASSILANDIA;PM;31/12/2018;31/12/2021;250,000.00;50,000.00;50,000.00;0.00;NÃO INICIADA - LICITAÇÃO NÃO CONCLUÍDA;0.00
MS0304180253;10GE;ESGOTO ;EMENDA;CV 0244/18;29891/2018;864800/2018;2018;864800;5002951;MS;CHAPADAO DO SUL;PM;30/11/2018;30/11/2021;1,894,000.00;0.00;1,515,200.00;1,515,200.00;EM EXECUÇÃO;77.77
MS0611182150;10GE;ESGOTO ;EMENDA;CV 2112/18;62042/2018;879553/2018;2018;879553;5003256;MS;COSTA RICA;PM;31/12/2018;31/12/2021;9,220,380.96;0.00;5,532,228.57;5,532,228.57;EM EXECUÇÃO;61.35
MS2904087524;10GE;ESGOTO ;PROGRAMAÇÃO;CV 0585/08;NÃO INFORMADO;NÃO INFORMADO;2008;650852;5004007;MS;GLORIA DE DOURADOS;PM;31/12/2008;31/03/2022;1,095,050.00;54,617.62;1,095,050.00;766,535.00;CONCLUÍDA COM ETAPA ÚTIL E COM PENDÊNCIA;66.37
MS0407112360;10GE;ESGOTO ;PAC;TC/PAC 0159/12;NÃO INFORMADO;NÃO INFORMADO;2012;672180;5004502;MS;ITAPORA;GOV;05/03/2012;27/10/2021;3,587,447.84;926,766.56;3,587,447.84;3,375,303.66;EM EXECUÇÃO;87.40
MS0207112313;10GE;ESGOTO ;PAC;TC/PAC 0191/12;NÃO INFORMADO;NÃO INFORMADO;2012;672182;5005681;MS;MUNDO NOVO;GOV;30/04/2012;27/10/2021;5,006,238.51;650,763.22;3,727,144.57;1,377,224.02;NÃO INICIADA - LICITAÇÃO CONCLUÍDA;0.00
MS0611182151;10GE;ESGOTO ;EMENDA;CV 2113/18;62052/2018;879554/2018;2018;879554;5006275;MS;PARAISO DAS AGUAS;PM;31/12/2018;31/12/2021;2,515,240.41;0.00;1,006,096.16;1,006,096.16;EM EXECUÇÃO;16.43
MS1503190026;10GE;ESGOTO ;EMENDA;CV 0026/19;3041/2019;882533/2019;2019;882533;5006275;MS;PARAISO DAS AGUAS;PM;31/12/2019;31/12/2022;600,000.00;0.00;600,000.00;0.00;NÃO INICIADA - LICITAÇÃO NÃO CONCLUÍDA;0.00
MS0507112456;10GE;ESGOTO ;PAC;TC/PAC 0163/12;NÃO INFORMADO;NÃO INFORMADO;2012;672187;5007208;MS;RIO BRILHANTE;GOV;30/04/2012;27/10/2021;3,050,690.59;2,514,675.55;3,050,690.59;1,907,851.16;EM EXECUÇÃO;38.34
MS0304180249;10GE;ESGOTO ;EMENDA;CV 0240/18;30023/2018;864798/2018;2018;864798;5007935;MS;SONORA;PM;01/06/2018;15/03/2022;2,891,452.36;17,649.03;1,156,580.94;1,156,580.94;EM EXECUÇÃO;40.00
MT2611075727;10GE;ESGOTO ;PAC;TC/PAC 0315/07;NÃO INFORMADO;NÃO INFORMADO;2007;632861;5100201;MT;AGUA BOA;PM;31/12/2007;30/12/2021;4,599,701.53;126,804.21;4,099,999.99;3,279,999.98;EM EXECUÇÃO;39.40
MT3011078507;10GE;ESGOTO ;PAC;TC/PAC 0316/07;NÃO INFORMADO;NÃO INFORMADO;2007;632241;5101001;MT;ARAGUAIANA;PM;31/12/2007;12/10/2021;2,284,329.90;55,670.10;1,800,000.00;1,260,000.00;PARALISADA;41.80
MT1507112035;10GE;ESGOTO ;PAC;TC/PAC 0015/12;NÃO INFORMADO;NÃO INFORMADO;2012;671963;5102850;MT;CASTANHEIRA;PM;30/03/2012;12/10/2021;4,045,015.55;0.00;4,045,015.55;2,831,510.89;EM EXECUÇÃO;70.00
MT1507111322;10GE;ESGOTO ;PAC;TC/PAC 0017/12;NÃO INFORMADO;NÃO INFORMADO;2012;671351;5103304;MT;COMODORO;PM;27/02/2012;31/05/2022;3,037,920.00;0.00;3,037,920.00;3,037,920.00;PARALISADA;68.41
MT2010093824;10GE;ESGOTO ;PAC;TC/PAC 1020/09;NÃO INFORMADO;NÃO INFORMADO;2009;658108;5103361;MT;CONQUISTA D' OESTE;PM;31/12/2009;30/12/2021;2,410,000.00;77,300.00;2,410,000.00;2,410,000.00;PARALISADA;90.00
MT0705090946;10GE;ESGOTO ;PAC;TC/PAC 1017/09;NÃO INFORMADO;NÃO INFORMADO;2009;657690;5103379;MT;COTRIGUACU;PM;31/12/2009;29/12/2021;4,252,356.92;131,140.99;4,252,356.92;4,252,356.30;EM EXECUÇÃO - REINICIADA;75.00
MT0507067713;10GE;ESGOTO ;EMENDA;CV 1898/06;NÃO INFORMADO;NÃO INFORMADO;2006;566320;5103452;MT;DENISE;PM;29/06/2006;28/04/2022;1,773,000.00;27,000.00;900,000.00;900,000.00;PARALISADA;38.40
MT1408150086;10GE;ESGOTO ;EMENDA;CV 0073/15;31989/2015;822325/2015;2015;822325;5103858;MT;GAUCHA DO NORTE;PM;31/12/2015;30/04/2022;1,879,451.29;198,499.36;1,879,451.29;1,879,451.29;EM EXECUÇÃO;67.00
MT1507111630;10GE;ESGOTO ;PAC;TC/PAC 0128/12;NÃO INFORMADO;NÃO INFORMADO;2012;671964;5104203;MT;GUIRATINGA;PM;30/03/2012;31/12/2021;4,427,466.68;32,599.55;4,427,466.68;4,427,466.68;EM EXECUÇÃO;65.00
MT1507118220;10GE;ESGOTO ;PAC;TC/PAC 0022/12;NÃO INFORMADO;NÃO INFORMADO;2012;671396;5105150;MT;JUINA;PM;27/02/2012;25/04/2022;5,758,446.36;47,062.49;5,127,896.48;2,879,223.18;EM EXECUÇÃO - REINICIADA;31.16
MT0107096390;10GE;ESGOTO ;EMENDA;CV 0034/09;45006/2009;704950/2009;2009;704950;5106109;MT;NOSSA SENHORA DO LIVRAMENTO;PM;31/12/2009;30/10/2021;2,000,000.00;61,855.67;2,000,000.00;2,000,000.00;EM EXECUÇÃO - REINICIADA;70.08
MT0504137380;10GE;ESGOTO ;PAC;TC/PAC 0417/14;NÃO INFORMADO;NÃO INFORMADO;2014;679274;5106158;MT;NOVA BANDEIRANTES;PM;07/05/2014;12/10/2021;5,985,230.52;0.00;5,296,806.52;4,788,184.41;EM EXECUÇÃO;60.00
MT2711075621;10GE;ESGOTO ;PAC;TC/PAC 0324/07;NÃO INFORMADO;NÃO INFORMADO;2007;633170;5106208;MT;NOVA BRASILANDIA;PM;31/12/2007;29/11/2021;2,449,999.99;75,773.20;2,449,999.99;1,714,999.97;EM EXECUÇÃO;28.00
MT0504138205;10GE;ESGOTO ;PAC;TC/PAC 0419/14;NÃO INFORMADO;NÃO INFORMADO;2014;679269;5106273;MT;NOVO HORIZONTE DO NORTE;PM;07/05/2014;30/04/2022;4,038,557.02;70,363.08;4,038,557.01;4,038,557.01;EM EXECUÇÃO;73.00
MT0204136228;10GE;ESGOTO ;PAC;TC/PAC 0409/14;NÃO INFORMADO;NÃO INFORMADO;2014;680391;5107875;MT;SAPEZAL;PM;07/05/2014;02/08/2022;5,229,524.66;0.00;4,183,619.72;4,183,619.71;EM EXECUÇÃO;81.63
MT0404136584;10GE;ESGOTO ;PAC;TC/PAC 0412/14;NÃO INFORMADO;NÃO INFORMADO;2014;679275;5108055;MT;TERRA NOVA DO NORTE;PM;07/05/2014;20/10/2021;4,922,939.19;0.00;4,922,939.19;4,922,939.19;EM EXECUÇÃO;75.00
MT0404137024;10GE;ESGOTO ;PAC;TC/PAC 0414/14;NÃO INFORMADO;NÃO INFORMADO;2014;682548;5108600;MT;VILA RICA;PM;07/05/2014;12/10/2021;5,031,960.29;0.00;5,031,960.29;4,025,568.21;EM EXECUÇÃO;43.75
PA3011074120;10GE;ESGOTO ;PAC;TC/PAC 1051/08;NÃO INFORMADO;NÃO INFORMADO;2008;648641;1507904;PA;SOURE;PM;31/12/2008;26/07/2022;4,500,000.00;500,000.71;4,500,000.00;3,150,000.00;PARALISADA;56.59
PA0504138571;10GE;ESGOTO ;PAC;TC/PAC 0113/14;NÃO INFORMADO;NÃO INFORMADO;2014;682627;1504455;PA;MEDICILANDIA;PM;07/05/2014;26/04/2022;7,082,810.70;0.00;1,416,562.14;0.00;NÃO INICIADA - LICITAÇÃO CONCLUÍDA;0.00
PB0806180864;10GE;ESGOTO ;EMENDA;CV 0843/18;50879/2018;871708/2018;2018;871708;2500304;PB;ALAGOA GRANDE;PM;30/11/2018;30/11/2021;9,739,593.07;10,000.93;1,947,918.61;463,790.00;NÃO INICIADA - LICITAÇÃO NÃO CONCLUÍDA;0.00
PB1507111666;10GE;ESGOTO ;PAC;TC/PAC 0333/11;NÃO INFORMADO;NÃO INFORMADO;2011;668781;2500502;PB;ALAGOINHA;PM;21/12/2011;26/12/2021;6,107,760.85;0.00;6,107,760.85;6,000,000.00;EM EXECUÇÃO;69.63
PB0404136853;10GE;ESGOTO ;PAC;TC/PAC 0130/14;NÃO INFORMADO;NÃO INFORMADO;2014;683269;2500775;PB;APARECIDA;GOV;31/12/2014;31/03/2022;3,540,219.35;0.00;2,832,175.49;1,734,037.38;EM EXECUÇÃO;19.39
PB2503135556;10GE;ESGOTO ;PAC;TC/PAC 0392/14;NÃO INFORMADO;NÃO INFORMADO;2014;679603;2501708;PB;BARRA DE SAO MIGUEL;PM;07/05/2014;31/03/2022;2,285,098.81;0.00;1,828,079.05;457,019.76;EM EXECUÇÃO;25.55
PB1507118569;10GE;ESGOTO ;PAC;TC/PAC 0353/11;NÃO INFORMADO;NÃO INFORMADO;2011;668792;2502003;PB;BELEM DO BREJO DO CRUZ;GOV;21/12/2011;31/03/2022;9,985,442.15;734,613.76;9,770,161.68;4,992,721.08;EM EXECUÇÃO;55.35
PB0504138291;10GE;ESGOTO ;PAC;TC/PAC 0624/14;NÃO INFORMADO;NÃO INFORMADO;2014;682913;2502102;PB;BOA VENTURA;PM;18/06/2014;12/06/2022;3,153,919.80;0.00;3,153,919.80;2,523,135.84;PARALISADA;59.92
PB0404136869;10GE;ESGOTO ;PAC;TC/PAC 0131/14;NÃO INFORMADO;NÃO INFORMADO;2014;683264;2502508;PB;BOQUEIRAO;GOV;31/12/2014;31/03/2022;7,114,246.17;0.00;1,422,849.24;1,333,106.50;EM EXECUÇÃO;0.05
PB1407117121;10GE;ESGOTO ;PAC;TC/PAC 0380/11;NÃO INFORMADO;NÃO INFORMADO;2011;668785;2503100;PB;CABACEIRAS;GOV;21/12/2011;02/04/2022;4,980,016.82;0.00;5,073,514.10;2,488,756.23;EM EXECUÇÃO;27.60
PB0504137907;10GE;ESGOTO ;PAC;TC/PAC 0615/14;NÃO INFORMADO;NÃO INFORMADO;2014;682612;2503902;PB;CAMALAU;PM;07/05/2014;07/05/2022;2,986,396.67;0.00;2,986,396.67;1,493,198.33;EM EXECUÇÃO;61.17
PB1807069499;10GE;ESGOTO ;PROGRAMAÇÃO;CV 1124/06;NÃO INFORMADO;NÃO INFORMADO;2006;590884;2516409;PB;CAMPO DE SANTANA;PM;20/06/2006;31/03/2022;400,000.00;12,371.13;400,000.00;200,000.00;EM EXECUÇÃO - REINICIADA;65.07
PB2811073210;10GE;ESGOTO ;EMENDA;CV 1123/07;NÃO INFORMADO;NÃO INFORMADO;2007;628195;2516409;PB;CAMPO DE SANTANA;PM;31/12/2007;02/04/2022;600,000.00;18,556.71;600,000.00;420,000.00;EM EXECUÇÃO - REINICIADA;40.20
PB1407117238;10GE;ESGOTO ;PAC;TC/PAC 0391/11;NÃO INFORMADO;NÃO INFORMADO;2011;668789;2504074;PB;CARAUBAS;GOV;21/12/2011;02/04/2022;4,103,352.66;0.00;5,470,664.72;2,735,332.36;EM EXECUÇÃO - REINICIADA;40.40
PB1507119077;10GE;ESGOTO ;PAC;TC/PAC 0396/11;NÃO INFORMADO;NÃO INFORMADO;2011;669285;2504801;PB;COREMAS;GOV;21/12/2011;01/04/2022;8,000,000.00;2,547,394.52;6,631,423.55;4,000,000.00;EM EXECUÇÃO;30.34
PB1407117068;10GE;ESGOTO ;PAC;TC/PAC 0403/11;NÃO INFORMADO;NÃO INFORMADO;2011;668790;2504850;PB;COXIXOLA;GOV;21/12/2011;02/10/2021;3,031,787.76;0.00;3,365,731.42;2,356,011.99;EM EXECUÇÃO;78.95
PB1912182492;10GE;ESGOTO ;EMENDA;CV 2453/18;64578/2018;881544/2018;2018;881544;2506509;PB;GURJAO;PM;31/12/2018;31/12/2021;2,210,065.57;0.00;884,026.22;884,026.22;EM EXECUÇÃO;40.00
PB0304136398;10GE;ESGOTO ;PAC;TC/PAC 0126/14;NÃO INFORMADO;NÃO INFORMADO;2014;683251;2506806;PB;INGA;PM;07/05/2014;07/05/2022;5,630,458.53;0.00;281,522.93;0.00;EM EXECUÇÃO;0.05
PB0404136916;10GE;ESGOTO ;PAC;TC/PAC 0600/14;NÃO INFORMADO;NÃO INFORMADO;2014;683267;2507705;PB;JUAZEIRINHO;GOV;31/12/2014;31/03/2022;5,596,294.21;0.00;2,798,147.10;1,119,258.84;EM EXECUÇÃO;0.05
PB3004080623;10GE;ESGOTO ;PAC;TC/PAC 1069/08;NÃO INFORMADO;NÃO INFORMADO;2008;649954;2507705;PB;JUAZEIRINHO;PM;31/12/2008;22/09/2021;2,634,160.78;82,210.92;2,700,000.00;2,634,160.78;EM EXECUÇÃO;75.13
PB1407117034;10GE;ESGOTO ;PAC;TC/PAC 0407/11;NÃO INFORMADO;NÃO INFORMADO;2011;669272;2508505;PB;LIVRAMENTO;GOV;21/12/2011;01/04/2022;6,185,037.90;0.00;6,256,756.50;3,092,518.95;EM EXECUÇÃO - REINICIADA;29.14
PB2803135832;10GE;ESGOTO ;PAC;TC/PAC 0138/14;NÃO INFORMADO;NÃO INFORMADO;2014;679609;2509701;PB;MONTEIRO;PM;07/05/2014;31/03/2022;5,547,929.07;0.00;5,652,877.62;5,547,929.06;EM EXECUÇÃO;77.36
PB0404137109;10GE;ESGOTO ;PAC;TC/PAC 0605/14;NÃO INFORMADO;NÃO INFORMADO;2014;679595;2510006;PB;NAZAREZINHO;PM;07/05/2014;31/03/2022;3,415,685.50;0.00;3,415,685.50;2,732,548.40;EM EXECUÇÃO;50.05
PB0404137079;10GE;ESGOTO ;PAC;TC/PAC 0602/14;NÃO INFORMADO;NÃO INFORMADO;2014;682492;2510659;PB;PARARI;PM;07/05/2014;31/03/2022;2,771,164.58;0.00;2,771,164.58;2,688,102.47;EM EXECUÇÃO;81.79
PB0404136905;10GE;ESGOTO ;PAC;TC/PAC 0599/14;NÃO INFORMADO;NÃO INFORMADO;2014;683262;2512077;PB;POCO DE JOSE DE MOURA;GOV;31/12/2014;31/03/2022;2,483,803.95;0.00;1,987,043.17;496,760.79;EM EXECUÇÃO;0.05
PB0304180324;10GE;ESGOTO ;EMENDA;CV 0313/18;25470/2018;864498/2018;2018;864498;2512309;PB;PRINCESA ISABEL;PM;01/06/2018;01/05/2022;9,846,652.74;0.00;2,000,000.00;1,969,330.54;EM EXECUÇÃO;19.11
PB0504138898;10GE;ESGOTO ;PAC;TC/PAC 0641/14;NÃO INFORMADO;NÃO INFORMADO;2014;682790;2512606;PB;QUIXABA;PM;29/05/2014;06/09/2021;2,882,356.02;0.00;2,882,356.02;1,779,679.81;EM EXECUÇÃO;66.81
PB0504137376;10GE;ESGOTO ;PAC;TC/PAC 0610/14;NÃO INFORMADO;NÃO INFORMADO;2014;679531;2512747;PB;RIACHAO;PM;07/05/2014;31/12/2021;3,410,258.30;0.00;2,728,206.64;0.00;EM EXECUÇÃO;0.05
PB0305162466;10GE;ESGOTO ;EMENDA;CV 0105/16;12071/2016;831124/2016;2016;831124;2512788;PB;RIACHO DE SANTO ANTONIO;PM;30/12/2016;11/10/2021;400,000.00;500.00;400,000.00;0.00;NÃO INICIADA - LICITAÇÃO NÃO CONCLUÍDA;0.00
PB0304180308;10GE;ESGOTO ;EMENDA;CV 0297/18;25644/2018;864488/2018;2018;864488;2513158;PB;SANTA CECILIA;PM;01/06/2018;01/05/2022;3,000,000.00;0.00;600,000.00;150,000.00;NÃO INICIADA - LICITAÇÃO NÃO CONCLUÍDA;0.00
PB2911078136;10GE;ESGOTO ;PAC;TC/PAC 1068/08;NÃO INFORMADO;NÃO INFORMADO;2008;649953;2513604;PB;SANTANA DOS GARROTES;PM;31/12/2008;12/04/2022;2,900,000.00;89,690.72;2,900,000.00;1,160,000.00;EM EXECUÇÃO - REINICIADA;37.96
PB0404136894;10GE;ESGOTO ;PAC;TC/PAC 0136/14;NÃO INFORMADO;NÃO INFORMADO;2014;683265;2513851;PB;SANTO ANDRE;GOV;31/12/2014;31/03/2022;2,780,630.26;0.00;1,390,315.13;556,126.05;EM EXECUÇÃO;0.05
PB0504137580;10GE;ESGOTO ;PAC;TC/PAC 0612/14;NÃO INFORMADO;NÃO INFORMADO;2014;682625;2513927;PB;SAO BENTINHO;PM;21/07/2014;01/05/2022;3,254,009.96;0.00;2,603,207.97;1,627,004.96;EM EXECUÇÃO;20.36
PB1507118892;10GE;ESGOTO ;PAC;TC/PAC 0419/11;NÃO INFORMADO;NÃO INFORMADO;2011;669518;2513901;PB;SAO BENTO;GOV;21/12/2011;01/04/2022;14,000,000.00;2,381,296.07;12,467,000.00;7,000,000.00;EM EXECUÇÃO;36.00
PB0404136888;10GE;ESGOTO ;PAC;TC/PAC 0134/14;NÃO INFORMADO;NÃO INFORMADO;2014;683258;2513968;PB;SAO DOMINGOS;GOV;31/12/2014;31/03/2022;2,431,678.77;0.00;1,945,343.02;486,335.76;EM EXECUÇÃO;0.05
PB0404136884;10GE;ESGOTO ;PAC;TC/PAC 0133/14;NÃO INFORMADO;NÃO INFORMADO;2014;683270;2513984;PB;SAO FRANCISCO;GOV;31/12/2014;31/03/2022;2,089,855.22;0.00;1,671,884.18;417,971.04;EM EXECUÇÃO;0.05
PB0404136879;10GE;ESGOTO ;PAC;TC/PAC 0132/14;NÃO INFORMADO;NÃO INFORMADO;2014;683268;2514008;PB;SAO JOAO DO CARIRI;GOV;31/12/2014;31/03/2022;3,334,620.52;0.00;1,230,372.62;666,924.10;EM EXECUÇÃO;0.05
PB1507118766;10GE;ESGOTO ;PAC;TC/PAC 0425/11;NÃO INFORMADO;NÃO INFORMADO;2011;669298;2514503;PB;SAO JOSE DE PIRANHAS;GOV;21/12/2011;01/04/2022;8,000,000.00;2,263,123.94;6,540,000.00;4,000,000.00;EM EXECUÇÃO;30.00
PB0304180312;10GE;ESGOTO ;EMENDA;CV 0301/18;25726/2018;864492/2018;2018;864492;2514701;PB;SAO JOSE DO SABUGI;PM;01/06/2018;01/05/2022;1,375,492.23;0.00;1,100,393.77;1,100,393.77;EM EXECUÇÃO;40.23
PB1407117080;10GE;ESGOTO ;PAC;TC/PAC 0429/11;NÃO INFORMADO;NÃO INFORMADO;2011;669519;2514800;PB;SAO JOSE DOS CORDEIROS;GOV;21/12/2011;02/04/2022;3,291,667.95;0.00;3,351,146.27;2,333,906.41;EM EXECUÇÃO;43.50
PB1407117009;10GE;ESGOTO ;PAC;TC/PAC 0437/11;NÃO INFORMADO;NÃO INFORMADO;2011;668787;2515500;PB;SERRA BRANCA;GOV;21/12/2011;01/10/2021;12,444,272.63;0.00;6,540,000.00;2,400,000.00;EM EXECUÇÃO;0.00
PB0404137071;10GE;ESGOTO ;PAC;TC/PAC 0601/14;NÃO INFORMADO;NÃO INFORMADO;2014;683252;2516102;PB;SOLEDADE;PM;16/10/2014;27/07/2022;3,521,387.90;0.00;2,817,110.32;1,339,082.10;EM EXECUÇÃO;37.92
PB1407116912;10GE;ESGOTO ;PAC;TC/PAC 0440/11;NÃO INFORMADO;NÃO INFORMADO;2011;669489;2516508;PB;TAPEROA;GOV;21/12/2011;01/04/2022;8,054,734.84;0.00;9,527,663.76;4,002,345.56;EM EXECUÇÃO - REINICIADA;31.42
PB0512182214;10GE;ESGOTO ;EMENDA;CV 2176/18;63587/2018;880561/2018;2018;880561;2516607;PB;TAVARES;PM;31/12/2018;31/12/2021;5,663,046.92;6,606.60;2,265,218.76;2,265,218.76;EM EXECUÇÃO;76.34
PB0504138722;10GE;ESGOTO ;PAC;TC/PAC 0634/14;NÃO INFORMADO;NÃO INFORMADO;2014;682583;2516805;PB;TRIUNFO;PM;29/05/2014;31/03/2022;3,392,501.15;0.00;3,392,501.15;2,714,000.93;EM EXECUÇÃO;60.14
PE1104089690;10GE;ESGOTO ;PAC;TC/PAC 0518/08;NÃO INFORMADO;NÃO INFORMADO;2008;649338;2600302;PE;AGRESTINA;PM;31/12/2008;02/04/2022;2,261,956.34;69,957.32;2,400,000.00;1,610,978.17;EM EXECUÇÃO;62.02
PE1307114996;10GE;ESGOTO ;PAC;TC/PAC 0281/12;NÃO INFORMADO;NÃO INFORMADO;2012;673655;2600302;PE;AGRESTINA;PM;28/12/2012;10/04/2022;9,374,045.10;0.00;8,347,587.16;6,561,831.57;EM EXECUÇÃO;58.00
PE1912182489;10GE;ESGOTO ;EMENDA;CV 2450/18;64577/2018;881655/2018;2018;881655;2601508;PE;BELEM DE MARIA;PM;31/12/2018;31/12/2021;250,000.00;2,500.00;0.00;0.00;NÃO INICIADA - LICITAÇÃO NÃO CONCLUÍDA;0.00
PE0504138923;10GE;ESGOTO ;PAC;TC/PAC 0151/14;NÃO INFORMADO;NÃO INFORMADO;2014;679200;2602001;PE;BODOCO;PM;07/05/2014;07/10/2021;1,835,931.73;0.00;1,468,745.39;367,186.35;EM EXECUÇÃO;13.60
PE0404136744;10GE;ESGOTO ;PAC;TC/PAC 0141/14;NÃO INFORMADO;NÃO INFORMADO;2014;680530;2602605;PE;BREJO DA MADRE DE DEUS;PM;21/07/2014;19/10/2021;4,974,347.11;0.00;248,717.36;0.00;NÃO INICIADA - LICITAÇÃO NÃO CONCLUÍDA;0.00
PE2711072390;10GE;ESGOTO ;PAC;TC/PAC 0525/08;NÃO INFORMADO;NÃO INFORMADO;2008;649342;2602803;PE;BUIQUE;PM;31/12/2008;17/09/2021;3,500,000.00;426,314.44;3,500,000.00;1,050,000.00;PARALISADA;5.03
PE1912182482;10GE;ESGOTO ;EMENDA;CV 2443/18;64593/2018;881651/2018;2018;881651;2603504;PE;CAMOCIM DE SAO FELIX;PM;31/12/2018;31/12/2021;300,000.00;3,000.00;60,000.00;0.00;NÃO INICIADA - LICITAÇÃO NÃO CONCLUÍDA;0.00
PE1712079355;10GE;ESGOTO ;EMENDA;CV 0882/07;NÃO INFORMADO;NÃO INFORMADO;2007;628568;2604106;PE;CARUARU;PM;31/12/2007;10/10/2021;1,363,500.00;163,934.90;1,363,500.00;954,450.00;PARALISADA;45.00
PE2212095241;10GE;ESGOTO ;PAC;TC/PAC 0004/10;NÃO INFORMADO;NÃO INFORMADO;2010;666570;2606507;PE;IATI;PM;31/12/2010;26/03/2022;2,850,000.00;137,363.61;2,850,000.00;1,995,000.00;PARALISADA;58.24
PE0504138641;10GE;ESGOTO ;PAC;TC/PAC 0143/14;NÃO INFORMADO;NÃO INFORMADO;2014;680532;2607000;PE;INAJA;PM;21/07/2014;12/10/2021;8,853,491.03;0.00;7,082,792.83;4,426,594.05;PARALISADA;16.55
PE0504138652;10GE;ESGOTO ;PAC;TC/PAC 0144/14;NÃO INFORMADO;NÃO INFORMADO;2014;680531;2607505;PE;ITAIBA;PM;18/07/2014;25/02/2022;8,232,647.33;0.00;6,582,070.95;6,579,642.80;EM EXECUÇÃO;84.65
PE0708092823;10GE;ESGOTO ;PAC;TC/PAC 0561/09;NÃO INFORMADO;NÃO INFORMADO;2009;657662;2608305;PE;JUPI;PM;31/12/2009;11/04/2022;3,355,000.00;211,473.42;3,385,000.00;1,677,500.00;PARALISADA;34.75
PE1308092868;10GE;ESGOTO ;PAC;TC/PAC 0680/09;NÃO INFORMADO;NÃO INFORMADO;2009;662270;2608305;PE;JUPI;PM;31/12/2009;11/04/2022;1,950,000.00;60,866.68;1,950,000.00;1,365,000.00;PARALISADA;43.76
PE1307114236;10GE;ESGOTO ;PAC;TC/PAC 0548/11;NÃO INFORMADO;NÃO INFORMADO;2011;668777;2608800;PE;LAJEDO;PM;21/12/2011;11/10/2021;27,637,313.89;0.00;24,611,028.02;13,818,656.95;PARALISADA;43.43
PE2509093395;10GE;ESGOTO ;PAC;TC/PAC 0563/09;NÃO INFORMADO;NÃO INFORMADO;2009;657666;2608800;PE;LAJEDO;PM;31/12/2009;10/06/2022;5,456,108.65;312,233.43;5,456,108.65;3,819,276.05;PARALISADA;63.46
PE1507119401;10GE;ESGOTO ;PAC;TC/PAC 0282/12;NÃO INFORMADO;NÃO INFORMADO;2012;672453;2609154;PE;MANARI;PM;08/06/2012;09/04/2022;1,241,770.00;0.00;1,241,770.00;496,708.00;PARALISADA;9.20
PE1912080813;10GE;ESGOTO ;PAC;TC/PAC 1911/08;NÃO INFORMADO;NÃO INFORMADO;2008;650910;2609154;PE;MANARI;PM;31/12/2008;08/04/2022;955,000.00;30,046.88;955,000.00;668,500.00;PARALISADA;89.51
PE2911073680;10GE;ESGOTO ;PAC;TC/PAC 0551/07;NÃO INFORMADO;NÃO INFORMADO;2007;633236;2609154;PE;MANARI;PM;31/12/2007;09/04/2022;1,800,000.00;70,726.27;1,800,000.00;1,260,000.00;PARALISADA;70.00
PE0504138679;10GE;ESGOTO ;PAC;TC/PAC 0145/14;NÃO INFORMADO;NÃO INFORMADO;2014;679126;2614303;PE;MOREILANDIA;PM;07/05/2014;17/04/2022;1,902,681.12;0.00;380,536.23;375,355.82;EM EXECUÇÃO;0.00
PE0504138691;10GE;ESGOTO ;PAC;TC/PAC 0146/14;NÃO INFORMADO;NÃO INFORMADO;2014;679078;2610400;PE;PARNAMIRIM;PM;07/05/2014;29/06/2022;1,547,278.28;0.00;1,547,278.28;1,540,298.65;PARALISADA;70.36
PE0504138738;10GE;ESGOTO ;PAC;TC/PAC 0147/14;NÃO INFORMADO;NÃO INFORMADO;2014;679127;2612307;PE;SALOA;PM;07/05/2014;14/01/2022;12,972,308.54;0.00;12,972,308.54;9,733,736.68;PARALISADA;66.93
PE0304180316;10GE;ESGOTO ;EMENDA;CV 0305/18;25739/2018;864494/2018;2018;864494;2612554;PE;SANTA FILOMENA;PM;01/06/2018;30/04/2023;3,000,000.00;0.00;600,000.00;150,000.00;NÃO INICIADA - LICITAÇÃO NÃO CONCLUÍDA;0.00
PE1311094261;10GE;ESGOTO ;PAC;TC/PAC 0686/09;NÃO INFORMADO;NÃO INFORMADO;2009;657731;2613107;PE;SAO CAITANO;PM;31/12/2009;11/04/2022;1,796,402.19;94,587.29;1,816,547.86;718,560.88;NÃO INICIADA - LICITAÇÃO NÃO CONCLUÍDA;0.00
PE1407116899;10GE;ESGOTO ;PAC;TC/PAC 0287/12;NÃO INFORMADO;NÃO INFORMADO;2012;672416;2613107;PE;SAO CAITANO;PM;29/05/2012;11/04/2022;23,617,758.21;0.00;21,031,613.69;7,085,327.46;NÃO INICIADA - LICITAÇÃO NÃO CONCLUÍDA;0.00
PE2811079434;10GE;ESGOTO ;PAC;TC/PAC 0554/07;NÃO INFORMADO;NÃO INFORMADO;2007;633318;2613107;PE;SAO CAITANO;PM;31/12/2007;11/04/2022;4,730,486.22;248,972.96;4,799,999.98;1,419,145.86;PARALISADA;0.00
PE0504138744;10GE;ESGOTO ;PAC;TC/PAC 0148/14;NÃO INFORMADO;NÃO INFORMADO;2014;679145;2615805;PE;TUPANATINGA;PM;07/05/2014;17/05/2022;10,060,551.32;0.00;8,048,441.06;2,005,957.98;PARALISADA;0.12
PE0304136432;10GE;ESGOTO ;PAC;TC/PAC 0139/14;NÃO INFORMADO;NÃO INFORMADO;2014;679202;2616209;PE;VERTENTES;PM;07/05/2014;30/12/2021;1,913,484.06;143,015.71;1,913,484.06;1,530,787.25;EM EXECUÇÃO;75.00
PI1207113427;10GE;ESGOTO ;PAC;TC/PAC 0487/11;NÃO INFORMADO;NÃO INFORMADO;2011;669499;2201200;PI;BARRAS;GOV;21/12/2011;31/12/2021;7,515,357.15;0.00;7,515,357.15;5,260,750.01;EM EXECUÇÃO;60.00
PI0404137176;10GE;ESGOTO ;PAC;TC/PAC 0690/14;NÃO INFORMADO;NÃO INFORMADO;2014;679328;2203701;PI;ESPERANTINA;PM;07/05/2014;07/05/2023;9,803,867.97;0.00;7,843,094.38;1,960,773.60;PARALISADA;10.00
PI1407116879;10GE;ESGOTO ;PAC;TC/PAC 0113/12;NÃO INFORMADO;NÃO INFORMADO;2012;671588;2204709;PI;INHUMA;PM;27/02/2012;31/12/2021;3,110,405.22;0.00;3,110,405.22;1,555,202.61;EM EXECUÇÃO - REINICIADA;50.00
PI1507117852;10GE;ESGOTO ;PAC;TC/PAC 0111/12;NÃO INFORMADO;NÃO INFORMADO;2012;672197;2205409;PI;JOAQUIM PIRES;GOV;30/04/2012;13/04/2022;10,749,760.14;0.00;10,749,760.14;12,856,555.44;PARALISADA;80.00
PI0404137192;10GE;ESGOTO ;PAC;TC/PAC 0691/14;NÃO INFORMADO;NÃO INFORMADO;2014;680363;2208809;PI;REGENERACAO;PM;07/05/2014;26/03/2022;5,003,156.59;0.00;2,041,824.26;2,041,824.26;PARALISADA;50.00
PI0504138881;10GE;ESGOTO ;PAC;TC/PAC 0168/14;NÃO INFORMADO;NÃO INFORMADO;2014;682565;2210003;PI;SAO JOAO DO PIAUI;PM;07/05/2014;31/12/2022;10,750,000.00;0.00;10,750,000.00;8,600,000.00;PARALISADA;50.02
PI1503190024;10GE;ESGOTO ;EMENDA;CV 0024/19;2431/2019;882531/2019;2019;882531;2210300;PI;SAO JULIAO;PM;31/12/2019;31/12/2022;1,000,000.00;0.00;1,000,000.00;40,000.00;NÃO INICIADA - LICITAÇÃO NÃO CONCLUÍDA;0.00
PI2911073833;10GE;ESGOTO ;PAC;TC/PAC 0624/08;NÃO INFORMADO;NÃO INFORMADO;2008;649680;2208304;PI;PIRACURUCA;GOV;31/12/2008;30/09/2021;3,752,000.00;966,527.35;3,799,999.98;3,752,000.00;EM EXECUÇÃO - REINICIADA;70.00
PR0404136727;10GE;ESGOTO ;PAC;TC/PAC 0313/14;NÃO INFORMADO;NÃO INFORMADO;2014;682466;4102406;PR;BANDEIRANTES;PM;28/05/2014;04/09/2021;1,669,622.57;516,630.81;1,669,622.57;1,669,622.57;EM EXECUÇÃO;72.58
PR1903135408;10GE;ESGOTO ;PAC;TC/PAC 0443/14;NÃO INFORMADO;NÃO INFORMADO;2014;684095;4102802;PR;BELA VISTA DO PARAISO;PM;07/05/2014;31/12/2021;8,978,957.04;0.00;8,978,957.03;7,183,165.62;PARALISADA;73.13
PR2803135844;10GE;ESGOTO ;PAC;TC/PAC 0212/14;NÃO INFORMADO;NÃO INFORMADO;2014;684148;4105102;PR;CENTENARIO DO SUL;GOV;04/11/2014;13/12/2021;6,239,111.86;0.00;6,239,111.86;4,991,289.49;CONCLUÍDA COM ETAPA ÚTIL E SEM PENDÊNCIA;88.26
PR2703135794;10GE;ESGOTO ;PAC;TC/PAC 0206/14;NÃO INFORMADO;NÃO INFORMADO;2014;683191;4108320;PR;FRANCISCO ALVES;GOV;04/11/2014;26/06/2022;4,291,802.25;0.00;4,291,802.25;3,433,441.79;PARALISADA;87.43
PR2603135624;10GE;ESGOTO ;PAC;TC/PAC 0202/14;NÃO INFORMADO;NÃO INFORMADO;2014;683305;4109658;PR;HONORIO SERPA;GOV;04/11/2014;04/11/2021;4,550,543.80;0.00;910,108.76;910,108.76;PARALISADA;24.41
PR2804081338;10GE;ESGOTO ;PAC;TC/PAC 0353/08;NÃO INFORMADO;NÃO INFORMADO;2008;644747;4110607;PR;IPORA;PM;31/12/2008;06/10/2021;3,592,494.77;114,736.08;3,600,000.00;2,520,000.00;EM EXECUÇÃO;100.00
PR0904082837;10GE;ESGOTO ;PAC;TC/PAC 0659/08;NÃO INFORMADO;NÃO INFORMADO;2008;644758;4111803;PR;JACAREZINHO;PM;31/12/2008;31/12/2021;2,700,000.00;637,821.45;2,700,000.00;1,890,000.00;EM EXECUÇÃO;77.89
PR0807112916;10GE;ESGOTO ;PAC;TC/PAC 0104/12;NÃO INFORMADO;NÃO INFORMADO;2012;671636;4112108;PR;JANDAIA DO SUL;PM;27/02/2012;31/01/2022;14,675,703.20;0.00;14,675,703.20;14,675,703.20;EM EXECUÇÃO;94.00
PR0507112469;10GE;ESGOTO ;PAC;TC/PAC 0011/12;NÃO INFORMADO;NÃO INFORMADO;2012;671523;4112504;PR;JARDIM ALEGRE;PM;27/02/2012;12/06/2023;5,771,720.51;0.00;5,771,720.51;5,771,720.51;EM EXECUÇÃO;99.00
PR0504138135;10GE;ESGOTO ;PAC;TC/PAC 0511/14;NÃO INFORMADO;NÃO INFORMADO;2014;680626;4114807;PR;MARIALVA;PM;07/05/2014;01/05/2022;3,401,641.65;0.00;3,202,957.47;1,677,782.15;EM EXECUÇÃO;32.35
PR0707112746;10GE;ESGOTO ;PAC;TC/PAC 0379/11;NÃO INFORMADO;NÃO INFORMADO;2011;669902;4115309;PR;MARIOPOLIS;GOV;29/12/2011;31/12/2022;8,183,055.81;0.00;8,183,055.81;5,728,139.06;EM EXECUÇÃO;50.00
PR2703135741;10GE;ESGOTO ;PAC;TC/PAC 0205/14;NÃO INFORMADO;NÃO INFORMADO;2014;683304;4115804;PR;MEDIANEIRA;GOV;04/11/2014;24/10/2021;6,503,640.17;0.00;4,742,400.00;4,742,400.00;CONCLUÍDA COM ETAPA ÚTIL E SEM PENDÊNCIA;99.30
PR1503135374;10GE;ESGOTO ;PAC;TC/PAC 0199/14;NÃO INFORMADO;NÃO INFORMADO;2014;683300;4116307;PR;MUNHOZ DE MELO;PM;07/05/2014;31/12/2022;4,627,016.56;0.00;231,350.83;0.00;NÃO INICIADA - LICITAÇÃO NÃO CONCLUÍDA;0.00
PR1307114403;10GE;ESGOTO ;PAC;TC/PAC 0348/11;NÃO INFORMADO;NÃO INFORMADO;2011;669775;4117503;PR;PAICANDU;PM;21/12/2011;20/09/2021;8,920,143.70;0.00;8,920,143.70;8,920,143.70;CONCLUÍDA COM ETAPA ÚTIL E SEM PENDÊNCIA;100.00
PR1207113381;10GE;ESGOTO ;PAC;TC/PAC 0013/12;NÃO INFORMADO;NÃO INFORMADO;2012;671420;4117602;PR;PALMAS;PM;27/02/2012;26/10/2022;4,128,680.78;0.00;4,128,680.78;4,128,680.78;PARALISADA;71.87
PR1503135373;10GE;ESGOTO ;PAC;TC/PAC 0198/14;NÃO INFORMADO;NÃO INFORMADO;2014;679669;4120408;PR;PRESIDENTE CASTELO BRANCO;PM;07/05/2014;30/09/2021;3,290,437.47;0.00;3,290,437.47;3,290,437.47;EM EXECUÇÃO;98.00
PR1507111018;10GE;ESGOTO ;PAC;TC/PAC 0354/11;NÃO INFORMADO;NÃO INFORMADO;2011;669857;4121000;PR;QUERENCIA DO NORTE;PM;29/12/2011;25/06/2022;5,707,219.11;0.00;5,707,219.11;3,995,053.37;EM EXECUÇÃO;72.00
PR0404137138;10GE;ESGOTO ;PAC;TC/PAC 0501/14;NÃO INFORMADO;NÃO INFORMADO;2014;682474;4123907;PR;SANTA MARIANA;PM;08/05/2014;26/12/2021;1,882,138.56;0.00;1,882,138.56;1,882,138.56;PARALISADA;60.00
PR2003135450;10GE;ESGOTO ;PAC;TC/PAC 0444/14;NÃO INFORMADO;NÃO INFORMADO;2014;679666;4124608;PR;SAO CARLOS DO IVAI;PM;07/05/2014;29/12/2021;5,893,133.50;0.00;5,893,133.50;5,893,133.45;EM EXECUÇÃO;98.00
PR1107113243;10GE;ESGOTO ;PAC;TC/PAC 0014/12;NÃO INFORMADO;NÃO INFORMADO;2012;671527;4124806;PR;SAO JOAO;PM;27/02/2012;31/05/2022;3,471,459.44;0.00;3,471,459.44;3,471,459.44;EM EXECUÇÃO;64.26
PR0404136819;10GE;ESGOTO ;PAC;TC/PAC 0314/14;NÃO INFORMADO;NÃO INFORMADO;2014;683611;4125209;PR;SAO JORGE DOESTE;PM;07/05/2014;16/04/2022;8,812,182.98;0.00;8,812,182.98;7,049,746.38;EM EXECUÇÃO;50.00
PR0504137900;10GE;ESGOTO ;PAC;TC/PAC 0508/14;NÃO INFORMADO;NÃO INFORMADO;2014;679716;4127908;PR;TUNEIRAS DO OESTE;PM;07/05/2014;29/06/2022;4,282,059.52;0.00;4,282,059.52;4,282,059.52;EM EXECUÇÃO;100.00
PR0504138699;10GE;ESGOTO ;PAC;TC/PAC 0516/14;NÃO INFORMADO;NÃO INFORMADO;2014;682472;4128302;PR;UNIFLOR;PM;07/05/2014;06/05/2023;3,071,055.63;0.00;1,535,527.82;1,535,527.81;EM EXECUÇÃO;28.00
PR0104135941;10GE;ESGOTO ;PAC;TC/PAC 0305/14;NÃO INFORMADO;NÃO INFORMADO;2014;683298;4128559;PR;VERA CRUZ DO OESTE;PM;07/05/2014;31/08/2022;3,185,839.42;0.00;2,548,671.54;2,548,671.54;EM EXECUÇÃO;50.00
PR1507110812;10GE;ESGOTO ;PAC;TC/PAC 0018/12;NÃO INFORMADO;NÃO INFORMADO;2012;671606;4128807;PR;XAMBRE;PM;27/02/2012;23/09/2021;6,564,570.45;0.00;6,564,570.45;6,564,570.45;PARALISADA;99.00
RJ0304180304;10GE;ESGOTO ;EMENDA;CV 0293/18;25958/2018;864484/2018;2018;864484;3300159;RJ;APERIBE;PM;01/06/2018;01/05/2023;4,000,000.00;0.00;800,000.00;0.00;NÃO INICIADA - LICITAÇÃO NÃO CONCLUÍDA;0.00
RJ2712195449;10GE;ESGOTO ;PROGRAMAÇÃO;CV 1199/19;56066/2019;895869/2019;2019;895869;3300225;RJ;AREAL;PM;31/12/2019;31/12/2022;3,000,000.00;1,000.00;3,000,000.00;0.00;NÃO INICIADA - LICITAÇÃO NÃO CONCLUÍDA;0.00
RJ0304180278;10GE;ESGOTO ;EMENDA;CV 0268/18;27362/2018;865116/2018;2018;865116;3300936;RJ;CARAPEBUS;PM;31/12/2018;31/12/2021;6,000,000.00;0.00;1,200,000.00;0.00;NÃO INICIADA - LICITAÇÃO NÃO CONCLUÍDA;0.00
RJ0304180301;10GE;ESGOTO ;EMENDA;CV 0290/18;26002/2018;864812/2018;2018;864812;3301207;RJ;CARMO;PM;01/06/2018;01/11/2023;4,000,000.00;0.00;800,000.00;0.00;NÃO INICIADA - LICITAÇÃO NÃO CONCLUÍDA;0.00
RJ0304180305;10GE;ESGOTO ;EMENDA;CV 0294/18;25912/2018;864485/2018;2018;864485;3302106;RJ;ITAOCARA;PM;01/06/2018;01/11/2023;4,000,000.00;0.00;800,000.00;200,000.00;NÃO INICIADA - LICITAÇÃO NÃO CONCLUÍDA;0.00
RJ2412182570;10GE;ESGOTO ;EMENDA;CV 2530/18;64925/2018;881891/2018;2018;881891;3302254;RJ;ITATIAIA;PM;31/12/2018;31/12/2021;18,000,000.00;0.00;3,600,000.00;0.00;NÃO INICIADA - LICITAÇÃO NÃO CONCLUÍDA;0.00
RJ0304180320;10GE;ESGOTO ;EMENDA;CV 0309/18;25508/2018;864815/2018;2018;864815;3302452;RJ;MACUCO;PM;01/06/2018;01/11/2023;4,000,000.00;0.00;800,000.00;0.00;NÃO INICIADA - LICITAÇÃO NÃO CONCLUÍDA;0.00
RJ0512182269;10GE;ESGOTO ;EMENDA;CV 2230/18;63655/2018;881185/2018;2018;881185;3302452;RJ;MACUCO;PM;31/12/2018;01/11/2023;1,500,000.00;0.00;300,000.00;75,000.00;NÃO INICIADA - LICITAÇÃO NÃO CONCLUÍDA;0.00
RJ0304180317;10GE;ESGOTO ;EMENDA;CV 0306/18;25683/2018;864495/2018;2018;864495;3302908;RJ;MIGUEL PEREIRA;PM;01/06/2018;01/05/2023;4,000,000.00;0.00;800,000.00;200,000.00;NÃO INICIADA - LICITAÇÃO NÃO CONCLUÍDA;0.00
RJ0304180297;10GE;ESGOTO ;EMENDA;CV 0286/18;26538/2018;864811/2018;2018;864811;3303005;RJ;MIRACEMA;PM;31/12/2018;31/12/2021;4,000,000.00;0.00;800,000.00;0.00;NÃO INICIADA - LICITAÇÃO NÃO CONCLUÍDA;0.00
RJ0304180270;10GE;ESGOTO ;EMENDA;CV 0261/18;27469/2018;865058/2018;2018;865058;3303856;RJ;PATY DO ALFERES;PM;12/11/2018;12/11/2021;7,000,000.00;0.00;1,400,000.00;0.00;NÃO INICIADA - LICITAÇÃO NÃO CONCLUÍDA;0.00
RJ1812182395;10GE;ESGOTO ;EMENDA;CV 2356/18;64435/2018;881423/2018;2018;881423;3304128;RJ;QUATIS;PM;31/12/2018;31/12/2021;500,000.00;0.00;100,000.00;0.00;NÃO INICIADA - LICITAÇÃO NÃO CONCLUÍDA;0.00
RJ0304180269;10GE;ESGOTO ;EMENDA;CV 0260/18;27383/2018;864805/2018;2018;864805;3304151;RJ;QUISSAMA;PM;31/12/2018;31/12/2021;8,000,000.00;40,000.00;1,600,000.00;0.00;NÃO INICIADA - LICITAÇÃO NÃO CONCLUÍDA;0.00
RJ0304180330;10GE;ESGOTO ;EMENDA;CV 0319/18;25493/2018;864503/2018;2018;864503;3304508;RJ;RIO DAS FLORES;PM;31/12/2018;31/12/2021;4,000,000.00;5,000.00;800,000.00;0.00;NÃO INICIADA - LICITAÇÃO NÃO CONCLUÍDA;0.00
RJ0304180291;10GE;ESGOTO ;EMENDA;CV 0280/18;26282/2018;864478/2018;2018;864478;3304706;RJ;SANTO ANTONIO DE PADUA;PM;31/12/2018;31/12/2021;4,000,000.00;0.00;800,000.00;200,000.00;NÃO INICIADA - LICITAÇÃO NÃO CONCLUÍDA;0.00
RJ0304180294;10GE;ESGOTO ;EMENDA;CV 0283/18;26689/2018;864479/2018;2018;864479;3304755;RJ;SAO FRANCISCO DE ITABAPOANA;PM;01/06/2018;01/11/2023;4,000,000.00;0.00;800,000.00;0.00;NÃO INICIADA - LICITAÇÃO NÃO CONCLUÍDA;0.00
RJ2012193252;10GE;ESGOTO ;PROGRAMAÇÃO;CV 0840/19;51227/2019;895901/2019;2019;895901;3304755;RJ;SAO FRANCISCO DE ITABAPOANA;PM;31/12/2019;31/12/2022;2,000,000.00;210.57;2,000,000.00;0.00;NÃO INICIADA - LICITAÇÃO NÃO CONCLUÍDA;0.00
RJ2611182180;10GE;ESGOTO ;EMENDA;CV 2142/18;62964/2018;880049/2018;2018;880049;3305000;RJ;SAO JOAO DA BARRA;PM;31/12/2018;31/12/2021;4,000,000.00;0.00;800,000.00;200,000.00;NÃO INICIADA - LICITAÇÃO NÃO CONCLUÍDA;0.00
RJ0304180268;10GE;ESGOTO ;EMENDA;CV 0259/18;27572/2018;864804/2018;2018;864804;3305000;RJ;SAO JOAO DA BARRA;PM;30/11/2018;07/11/2021;6,500,000.00;0.00;1,300,000.00;0.00;NÃO INICIADA - LICITAÇÃO NÃO CONCLUÍDA;0.00
RJ0304180271;10GE;ESGOTO ;EMENDA;CV 0262/18;27464/2018;864468/2018;2018;864468;3305158;RJ;SAO JOSE DO VALE DO RIO PRETO;PM;28/12/2018;31/12/2021;4,000,000.00;0.00;800,000.00;108,000.26;NÃO INICIADA - LICITAÇÃO NÃO CONCLUÍDA;0.00
RJ0304180280;10GE;ESGOTO ;EMENDA;CV 0270/18;27345/2018;864470/2018;2018;864470;3305307;RJ;SAO SEBASTIAO DO ALTO;PM;01/06/2018;01/05/2023;4,000,000.00;0.00;800,000.00;0.00;NÃO INICIADA - LICITAÇÃO NÃO CONCLUÍDA;0.00
RJ0304180275;10GE;ESGOTO ;EMENDA;CV 0265/18;27246/2018;864469/2018;2018;864469;3305901;RJ;TRAJANO DE MORAIS;PM;01/06/2018;01/11/2023;4,000,000.00;0.00;800,000.00;0.00;NÃO INICIADA - LICITAÇÃO NÃO CONCLUÍDA;0.00
RJ0612182289;10GE;ESGOTO ;EMENDA;CV 2250/18;63753/2018;880743/2018;2018;880743;3305901;RJ;TRAJANO DE MORAIS;PM;31/12/2018;31/12/2021;2,000,000.00;0.00;400,000.00;0.00;NÃO INICIADA - LICITAÇÃO NÃO CONCLUÍDA;0.00
RJ0304180300;10GE;ESGOTO ;EMENDA;CV 0289/18;26371/2018;864482/2018;2018;864482;3306156;RJ;VARRE-SAI;PM;01/06/2018;01/05/2024;4,000,000.00;0.00;800,000.00;200,000.00;NÃO INICIADA - LICITAÇÃO NÃO CONCLUÍDA;0.00
RN1507118334;10GE;ESGOTO ;PAC;TC/PAC 0238/12;NÃO INFORMADO;NÃO INFORMADO;2012;671749;2401404;RN;BAIA FORMOSA;PM;29/03/2012;31/12/2021;1,636,061.68;0.00;1,636,061.67;1,636,061.67;PARALISADA;75.89
RN0504138458;10GE;ESGOTO ;PAC;TC/PAC 0475/14;NÃO INFORMADO;NÃO INFORMADO;2014;679279;2403509;RN;ESPIRITO SANTO;PM;07/05/2014;03/10/2021;2,498,985.11;0.00;2,498,985.11;1,999,188.08;PARALISADA;83.85
RN1408150087;10GE;ESGOTO ;EMENDA;CV 0077/15;32334/2015;822343/2015;2015;822343;2403509;RN;ESPIRITO SANTO;PM;31/12/2015;31/12/2021;1,000,000.00;2,000.00;1,000,000.00;0.00;NÃO INICIADA - LICITAÇÃO NÃO CONCLUÍDA;0.00
RN0504137310;10GE;ESGOTO ;PAC;TC/PAC 0466/14;NÃO INFORMADO;NÃO INFORMADO;2014;679192;2405009;RN;JACANA;PM;07/05/2014;07/05/2023;2,010,106.66;0.00;100,505.33;0.00;NÃO INICIADA - LICITAÇÃO NÃO CONCLUÍDA;0.00
RN0504138411;10GE;ESGOTO ;PAC;TC/PAC 0472/14;NÃO INFORMADO;NÃO INFORMADO;2014;679304;2406809;RN;LAJES PINTADAS;PM;06/05/2014;12/07/2022;4,999,565.17;0.00;999,913.03;0.00;NÃO INICIADA - LICITAÇÃO NÃO CONCLUÍDA;0.00
RN0504137939;10GE;ESGOTO ;PAC;TC/PAC 0469/14;NÃO INFORMADO;NÃO INFORMADO;2014;679217;2408201;RN;NISIA FLORESTA;PM;07/05/2014;31/12/2021;3,808,555.40;0.00;132,258.68;0.00;NÃO INICIADA - LICITAÇÃO NÃO CONCLUÍDA;0.00
RN1307115083;10GE;ESGOTO ;PAC;TC/PAC 0278/12;NÃO INFORMADO;NÃO INFORMADO;2012;672555;2408409;RN;Olho d'agua do Borges;PM;30/06/2012;31/12/2021;3,171,995.01;19,715.60;3,171,995.01;3,171,995.01;EM EXECUÇÃO;91.05
RN1507112814;10GE;ESGOTO ;PAC;TC/PAC 0118/12;NÃO INFORMADO;NÃO INFORMADO;2012;671774;2408904;RN;PARELHAS;GOV;29/03/2012;11/05/2023;8,113,708.21;599,582.06;7,225,257.16;2,434,112.46;PARALISADA;34.12
RN0504137623;10GE;ESGOTO ;PAC;TC/PAC 0468/14;NÃO INFORMADO;NÃO INFORMADO;2014;679282;2409308;RN;PATU;PM;07/05/2014;08/05/2022;3,989,956.06;9,278.27;3,989,956.05;3,191,964.84;EM EXECUÇÃO;53.15
RN2503135557;10GE;ESGOTO ;PAC;TC/PAC 0448/14;NÃO INFORMADO;NÃO INFORMADO;2014;680587;2410009;RN;PILOES;PM;29/05/2014;22/10/2022;3,200,030.04;0.00;2,564,171.58;2,560,024.03;PARALISADA;52.04
RN1312182327;10GE;ESGOTO ;EMENDA;CV 2288/18;64120/2018;881206/2018;2018;881206;2408953;RN;RIO DO FOGO;PM;31/12/2018;31/12/2021;5,000,000.00;0.00;1,000,000.00;0.00;NÃO INICIADA - LICITAÇÃO NÃO CONCLUÍDA;0.00
RN2205170360;10GE;ESGOTO ;EMENDA;CV 0091/17;23774/2017;847976/2017;2017;847976;2411809;RN;SAO FERNANDO;PM;30/12/2017;13/07/2022;250,000.00;3,000.00;250,000.00;0.00;NÃO INICIADA - LICITAÇÃO NÃO CONCLUÍDA;0.00
RN1507112758;10GE;ESGOTO ;PAC;TC/PAC 0265/12;NÃO INFORMADO;NÃO INFORMADO;2012;671952;2412609;RN;SAO PAULO DO POTENGI;GOV;30/03/2012;08/05/2023;8,339,190.75;2,893,842.02;7,577,543.97;4,254,656.92;PARALISADA;53.06
RN2112166374;10GE;ESGOTO ;EMENDA;CV 0513/16;13889/2016;840840/2016;2016;840840;2413508;RN;SERRINHA;PM;30/12/2016;30/06/2022;251,000.00;3,000.00;251,000.00;0.00;NÃO INICIADA - LICITAÇÃO NÃO CONCLUÍDA;0.00
RO0304136349;10GE;ESGOTO ;PAC;TC/PAC 0215/14;NÃO INFORMADO;NÃO INFORMADO;2014;683235;1101302;RO;MIRANTE DA SERRA;PM;07/05/2014;07/03/2022;20,080,002.70;0.00;3,177,247.68;3,177,247.68;EM EXECUÇÃO;1.02
RR2812166500;10GE;ESGOTO ;EMENDA;CV 0540/16;39676/2016;841705/2016;2016;841705;1400407;RR;NORMANDIA;PM;30/12/2016;01/01/2023;11,500,000.00;15,000.00;11,500,000.00;0.00;NÃO INICIADA - LICITAÇÃO NÃO CONCLUÍDA;0.00
RS2911071104;10GE;ESGOTO ;PAC;TC/PAC 0567/07;NÃO INFORMADO;NÃO INFORMADO;2007;633574;4300471;RS;ALMIRANTE TAMANDARE DO SUL;PM;31/12/2007;29/06/2022;900,000.00;27,297.28;900,000.00;900,000.00;EM EXECUÇÃO;82.80
RS1307114093;10GE;ESGOTO ;PAC;TC/PAC 0509/11;NÃO INFORMADO;NÃO INFORMADO;2011;668708;4300554;RS;ALTO ALEGRE;GOV;21/12/2011;30/03/2023;1,609,783.24;0.00;1,609,783.24;1,126,848.27;EM EXECUÇÃO;89.86
RS2103135476;10GE;ESGOTO ;PAC;TC/PAC 0227/14;NÃO INFORMADO;NÃO INFORMADO;2014;683286;4300554;RS;ALTO ALEGRE;PM;07/05/2014;07/11/2021;1,127,092.74;23,091.64;1,127,092.74;1,127,092.74;EM EXECUÇÃO;100.00
RS1507118366;10GE;ESGOTO ;PAC;TC/PAC 0123/12;NÃO INFORMADO;NÃO INFORMADO;2012;671977;4300851;RS;ARAMBARE;PM;29/03/2012;29/03/2022;3,785,111.64;0.00;3,370,641.92;1,135,533.49;NÃO INICIADA - LICITAÇÃO NÃO CONCLUÍDA;0.00
RS1307114177;10GE;ESGOTO ;PAC;TC/PAC 0151/12;NÃO INFORMADO;NÃO INFORMADO;2012;671778;4301909;RS;BARRA DO RIBEIRO;GOV;29/03/2012;30/12/2024;8,000,000.00;0.00;7,124,000.00;2,400,000.00;EM EXECUÇÃO;12.20
RS1503135379;10GE;ESGOTO ;PAC;TC/PAC 0226/14;NÃO INFORMADO;NÃO INFORMADO;2014;680156;4302600;RS;BRAGA;PM;07/05/2014;07/05/2023;2,674,534.34;61,224.46;534,906.87;0.00;EM EXECUÇÃO;0.05
RS1207113996;10GE;ESGOTO ;PAC;TC/PAC 0152/12;NÃO INFORMADO;NÃO INFORMADO;2012;671771;4302808;RS;CACAPAVA DO SUL;GOV;29/03/2012;29/03/2023;7,000,000.00;0.00;6,233,500.00;2,100,000.00;EM EXECUÇÃO;0.40
RS2811075444;10GE;ESGOTO ;PAC;TC/PAC 0569/07;NÃO INFORMADO;NÃO INFORMADO;2007;633586;4303400;RS;CAICARA;PM;31/12/2007;25/06/2022;1,173,900.00;88,600.00;1,173,900.00;1,173,900.00;EM EXECUÇÃO;90.00
RS1403135350;10GE;ESGOTO ;PAC;TC/PAC 0695/14;NÃO INFORMADO;NÃO INFORMADO;2014;680148;4303558;RS;CAMARGO;PM;07/05/2014;07/05/2022;4,158,271.85;0.00;2,079,135.93;831,654.37;EM EXECUÇÃO;0.00
RS0504137374;10GE;ESGOTO ;PAC;TC/PAC 0560/14;NÃO INFORMADO;NÃO INFORMADO;2014;680129;4304713;RS;CARAA;PM;07/05/2014;07/05/2023;1,201,402.54;70,818.48;60,070.13;0.00;NÃO INICIADA - LICITAÇÃO NÃO CONCLUÍDA;0.00
RS0605090494;10GE;ESGOTO ;PAC;TC/PAC 0104/09;NÃO INFORMADO;NÃO INFORMADO;2009;657944;4305439;RS;CHUI;PM;31/12/2009;26/12/2022;6,000,000.00;1,324,755.21;6,000,000.00;400,000.00;NÃO INICIADA - LICITAÇÃO NÃO CONCLUÍDA;0.00
RS0504138172;10GE;ESGOTO ;PAC;TC/PAC 0574/14;NÃO INFORMADO;NÃO INFORMADO;2014;683283;4306130;RS;CRUZALTENSE;PM;07/05/2014;07/05/2023;2,280,596.29;0.00;456,119.26;0.00;NÃO INICIADA - LICITAÇÃO NÃO CONCLUÍDA;0.00
RS0504137434;10GE;ESGOTO ;PAC;TC/PAC 0562/14;NÃO INFORMADO;NÃO INFORMADO;2014;683273;4307203;RS;ERVAL GRANDE;PM;18/06/2014;01/04/2023;5,129,019.55;0.00;2,564,509.78;1,025,803.91;NÃO INICIADA - LICITAÇÃO CONCLUÍDA;0.00
RS1307114857;10GE;ESGOTO ;PAC;TC/PAC 0156/12;NÃO INFORMADO;NÃO INFORMADO;2012;671780;4307302;RS;ERVAL SECO;GOV;29/03/2012;30/03/2023;4,140,837.33;0.00;3,687,415.64;1,242,251.19;EM EXECUÇÃO;18.84
RS3011079468;10GE;ESGOTO ;PAC;TC/PAC 0570/07;NÃO INFORMADO;NÃO INFORMADO;2007;633528;4308300;RS;FONTOURA XAVIER;PM;31/12/2007;31/12/2023;2,500,000.00;78,000.00;2,500,000.00;2,500,000.00;EM EXECUÇÃO;81.00
RS2703135703;10GE;ESGOTO ;PAC;TC/PAC 0228/14;NÃO INFORMADO;NÃO INFORMADO;2014;679691;4308607;RS;GARIBALDI/RS;PM;07/05/2014;07/05/2023;1,669,871.15;282,983.97;83,493.56;0.00;NÃO INICIADA - LICITAÇÃO NÃO CONCLUÍDA;0.00
RS0504137866;10GE;ESGOTO ;PAC;TC/PAC 0566/14;NÃO INFORMADO;NÃO INFORMADO;2014;680137;4311429;RS;LAJEADO DO BUGRE;PM;07/05/2014;07/05/2023;1,263,584.00;257,535.99;63,179.20;0.00;NÃO INICIADA - LICITAÇÃO NÃO CONCLUÍDA;0.00
RS1312182338;10GE;ESGOTO ;EMENDA;CV 2299/18;64216/2018;881260/2018;2018;881260;4311718;RS;MACAMBARA;PM;31/12/2018;31/12/2021;3,000,000.00;0.00;600,000.00;0.00;NÃO INICIADA - LICITAÇÃO NÃO CONCLUÍDA;0.00
RS0404136771;10GE;ESGOTO ;PAC;TC/PAC 0552/14;NÃO INFORMADO;NÃO INFORMADO;2014;679692;4311734;RS;MAMPITUBA;PM;07/05/2014;07/05/2023;2,704,645.05;0.00;135,231.79;0.00;NÃO INICIADA - LICITAÇÃO NÃO CONCLUÍDA;0.00
RS0104135978;10GE;ESGOTO ;PAC;TC/PAC 0217/14;NÃO INFORMADO;NÃO INFORMADO;2014;679695;4312500;RS;MOSTARDAS;PM;07/05/2014;07/05/2022;3,042,060.31;0.00;1,521,030.16;608,412.06;NÃO INICIADA - LICITAÇÃO CONCLUÍDA;0.00
RS2811075602;10GE;ESGOTO ;PROGRAMAÇÃO;CV 0569/07;NÃO INFORMADO;NÃO INFORMADO;2007;619556;4312500;RS;MOSTARDAS;PM;27/12/2007;01/04/2023;1,004,499.99;1,003,443.97;1,004,500.00;401,800.00;EM EXECUÇÃO - REINICIADA;2.44
RS2803135838;10GE;ESGOTO ;PAC;TC/PAC 0230/14;NÃO INFORMADO;NÃO INFORMADO;2014;683285;4313102;RS;NOVA PALMA;PM;07/05/2014;07/05/2023;5,796,864.32;0.00;289,843.22;0.00;NÃO INICIADA - LICITAÇÃO NÃO CONCLUÍDA;0.00
RS1307114815;10GE;ESGOTO ;PAC;TC/PAC 0211/12;NÃO INFORMADO;NÃO INFORMADO;2012;671598;4313201;RS;NOVA PETROPOLIS;PM;13/03/2012;13/03/2022;8,000,000.00;0.00;8,000,000.00;5,600,000.00;EM EXECUÇÃO;68.69
RS0504137901;10GE;ESGOTO ;PAC;TC/PAC 0569/14;NÃO INFORMADO;NÃO INFORMADO;2014;679724;4313607;RS;PAIM FILHO;PM;07/05/2014;07/05/2023;4,954,721.00;0.00;990,944.20;979,630.27;NÃO INICIADA - LICITAÇÃO CONCLUÍDA;0.00
RS1311094262;10GE;ESGOTO ;PAC;TC/PAC 0817/09;NÃO INFORMADO;NÃO INFORMADO;2009;657724;4313706;RS;PALMEIRA DAS MISSOES;PM;31/12/2009;26/12/2021;1,935,000.00;162,101.75;1,980,090.92;1,935,000.00;EM EXECUÇÃO - REINICIADA;70.58
RS0404137029;10GE;ESGOTO ;PAC;TC/PAC 0558/14;NÃO INFORMADO;NÃO INFORMADO;2014;679746;4314027;RS;PARAISO DO SUL;PM;06/05/2014;06/05/2023;6,899,704.56;0.00;344,984.99;0.00;NÃO INICIADA - LICITAÇÃO NÃO CONCLUÍDA;0.00
RS0504138253;10GE;ESGOTO ;PAC;TC/PAC 0576/14;NÃO INFORMADO;NÃO INFORMADO;2014;679760;4314779;RS;PONTAO;PM;07/05/2014;07/05/2023;3,557,643.00;0.00;177,882.20;0.00;NÃO INICIADA - LICITAÇÃO CONCLUÍDA;0.00
RS0504138462;10GE;ESGOTO ;PAC;TC/PAC 0578/14;NÃO INFORMADO;NÃO INFORMADO;2014;682808;4315172;RS;PROTASIO ALVES;PM;06/05/2014;06/05/2023;3,485,931.09;650,930.00;174,296.55;0.00;NÃO INICIADA - LICITAÇÃO NÃO CONCLUÍDA;0.00
RS0204136121;10GE;ESGOTO ;PAC;TC/PAC 0225/14;NÃO INFORMADO;NÃO INFORMADO;2014;682786;4315305;RS;QUARAI;GOV;23/09/2014;01/04/2023;5,417,133.94;0.00;270,856.70;0.00;NÃO INICIADA - LICITAÇÃO NÃO CONCLUÍDA;0.00
RS1507118656;10GE;ESGOTO ;PAC;TC/PAC 0513/11;NÃO INFORMADO;NÃO INFORMADO;2011;668775;4315305;RS;QUARAI;PM;21/12/2011;01/04/2023;1,506,991.17;0.00;1,506,991.15;1,054,893.81;CONCLUÍDA COM ETAPA ÚTIL E COM PENDÊNCIA;95.00
RS1407115911;10GE;ESGOTO ;PAC;TC/PAC 0207/12;NÃO INFORMADO;NÃO INFORMADO;2012;671733;4316006;RS;ROLANTE;PM;29/03/2012;29/03/2022;10,000,000.00;535,104.55;8,905,000.00;7,000,000.00;EM EXECUÇÃO;86.00
RS1407116179;10GE;ESGOTO ;PAC;TC/PAC 0167/12;NÃO INFORMADO;NÃO INFORMADO;2012;671775;4317400;RS;SANTIAGO;GOV;29/03/2012;01/04/2023;13,000,000.00;0.00;7,124,000.00;2,400,000.00;EM EXECUÇÃO;0.00
RS1307114254;10GE;ESGOTO ;PAC;TC/PAC 0120/12;NÃO INFORMADO;NÃO INFORMADO;2012;671715;4317905;RS;SANTO CRISTO;GOV;22/03/2012;01/04/2023;8,847,069.75;0.00;7,878,315.61;2,654,120.92;NÃO INICIADA - LICITAÇÃO NÃO CONCLUÍDA;0.00
RS0404136707;10GE;ESGOTO ;PAC;TC/PAC 0551/14;NÃO INFORMADO;NÃO INFORMADO;2014;683280;4318101;RS;SAO FRANCISCO DE ASSIS;PM;04/06/2014;01/04/2023;4,590,215.23;111,671.41;229,510.76;0.00;NÃO INICIADA - LICITAÇÃO NÃO CONCLUÍDA;0.00
RS0504137389;10GE;ESGOTO ;PAC;TC/PAC 0561/14;NÃO INFORMADO;NÃO INFORMADO;2014;682718;4319125;RS;SAO MARTINHO DA SERRA;PM;07/05/2014;07/05/2022;5,074,977.39;0.00;2,537,488.70;1,014,995.48;EM EXECUÇÃO;0.00
RS1207113359;10GE;ESGOTO ;PAC;TC/PAC 0126/12;NÃO INFORMADO;NÃO INFORMADO;2012;671948;4319703;RS;SAO VALENTIM;PM;30/03/2012;31/03/2023;5,200,275.22;2,123,258.67;4,799,113.47;1,616,770.40;EM EXECUÇÃO;35.46
RS1307114490;10GE;ESGOTO ;PAC;TC/PAC 0117/12;NÃO INFORMADO;NÃO INFORMADO;2012;671782;4320404;RS;SERAFINA CORREA;GOV;29/03/2012;30/03/2023;8,000,000.00;0.00;7,124,000.00;2,400,000.00;EM EXECUÇÃO;11.52
RS0504137323;10GE;ESGOTO ;PAC;TC/PAC 0559/14;NÃO INFORMADO;NÃO INFORMADO;2014;683065;4321303;RS;TAQUARI;PM;07/05/2014;07/05/2023;4,660,055.37;831,027.25;233,002.77;0.00;NÃO INICIADA - LICITAÇÃO NÃO CONCLUÍDA;0.00
RS0504137876;10GE;ESGOTO ;PAC;TC/PAC 0567/14;NÃO INFORMADO;NÃO INFORMADO;2014;682826;4321634;RS;TRES ARROIOS;PM;06/05/2014;06/05/2022;4,179,674.16;0.00;2,089,837.08;1,938,965.50;EM EXECUÇÃO;23.00
RS0504137924;10GE;ESGOTO ;PAC;TC/PAC 0570/14;NÃO INFORMADO;NÃO INFORMADO;2014;679713;4321857;RS;TRES PALMEIRAS;PM;07/05/2014;07/11/2021;5,835,763.45;0.00;5,835,763.45;4,668,610.75;EM EXECUÇÃO;78.37
RS0504137604;10GE;ESGOTO ;PAC;TC/PAC 0565/14;NÃO INFORMADO;NÃO INFORMADO;2014;683274;4321956;RS;TRINDADE DO SUL;PM;07/05/2014;07/11/2021;2,979,652.14;0.00;2,979,652.14;2,383,721.71;EM EXECUÇÃO;77.33
RS0504137983;10GE;ESGOTO ;PAC;TC/PAC 0572/14;NÃO INFORMADO;NÃO INFORMADO;2014;679700;4322525;RS;VALE VERDE;PM;07/05/2014;07/05/2023;4,044,563.81;0.00;202,228.19;0.00;NÃO INICIADA - LICITAÇÃO NÃO CONCLUÍDA;0.00
SC1503135375;10GE;ESGOTO ;PAC;TC/PAC 0232/14;NÃO INFORMADO;NÃO INFORMADO;2014;679203;4200051;SC;ABDON BATISTA;PM;07/05/2014;31/12/2021;3,490,294.72;0.00;3,490,294.72;3,490,294.72;CONCLUÍDA SEM INÍCIO DE OPERAÇÃO;98.33
SC1407116951;10GE;ESGOTO ;PAC;TC/PAC 0241/12;NÃO INFORMADO;NÃO INFORMADO;2012;671659;4200101;SC;ABELARDO LUZ;PM;16/03/2012;31/03/2023;13,691,296.68;0.00;13,691,296.33;13,691,296.33;PARALISADA;80.65
SC1211094244;10GE;ESGOTO ;PAC;TC/PAC 0824/09;NÃO INFORMADO;NÃO INFORMADO;2009;658307;4200804;SC;ANCHIETA;PM;31/12/2009;31/12/2021;1,861,457.75;193,454.22;1,861,457.75;744,583.10;PARALISADA;46.96
SC0504138496;10GE;ESGOTO ;PAC;TC/PAC 0438/14;NÃO INFORMADO;NÃO INFORMADO;2014;679204;4202131;SC;BELA VISTA DO TOLDO;PM;07/05/2014;13/12/2022;2,881,214.15;324,981.30;576,242.83;576,242.83;PARALISADA;0.00
SC0304136389;10GE;ESGOTO ;PAC;TC/PAC 0427/14;NÃO INFORMADO;NÃO INFORMADO;2014;679160;4204251;SC;COCAL DO SUL;PM;07/05/2014;02/05/2023;5,754,623.27;577,268.46;5,754,623.27;2,877,311.63;EM EXECUÇÃO;33.82
SC0504138229;10GE;ESGOTO ;PAC;TC/PAC 0435/14;NÃO INFORMADO;NÃO INFORMADO;2014;679129;4205001;SC;DIONISIO CERQUEIRA;PM;07/05/2014;30/06/2022;3,913,835.63;260,067.62;3,913,835.63;3,131,068.49;PARALISADA;50.82
SC1903135418;10GE;ESGOTO ;PAC;TC/PAC 0446/14;NÃO INFORMADO;NÃO INFORMADO;2014;679146;4205159;SC;DOUTOR PEDRINHO;PM;07/05/2014;31/12/2021;1,673,374.39;17,417.94;1,673,374.39;836,687.20;EM EXECUÇÃO;51.66
SC1307114066;10GE;ESGOTO ;PAC;TC/PAC 0393/11;NÃO INFORMADO;NÃO INFORMADO;2011;668778;4206702;SC;HERVAL D'OESTE;PM;21/12/2011;02/10/2021;8,238,161.57;0.00;8,238,161.57;8,238,161.57;EM EXECUÇÃO;93.25
SC2603135606;10GE;ESGOTO ;PAC;TC/PAC 0234/14;NÃO INFORMADO;NÃO INFORMADO;2014;679186;4206702;SC;HERVAL D'OESTE;PM;06/06/2014;06/06/2022;3,678,958.91;0.00;3,678,958.91;3,678,958.91;EM EXECUÇÃO;85.00
SC2803135858;10GE;ESGOTO ;PAC;TC/PAC 0237/14;NÃO INFORMADO;NÃO INFORMADO;2014;679150;4208401;SC;ITAPIRANGA;PM;07/05/2014;31/12/2021;2,444,473.16;172,308.46;2,444,473.16;2,444,473.16;EM EXECUÇÃO;80.00
SC1211094230;10GE;ESGOTO ;PAC;TC/PAC 1032/09;NÃO INFORMADO;NÃO INFORMADO;2009;663014;4208708;SC;JACINTO MACHADO;PM;31/12/2009;11/10/2021;2,925,292.38;99,816.50;2,925,292.38;2,925,292.38;PARALISADA;70.50
SC1507119910;10GE;ESGOTO ;PAC;TC/PAC 0001/14;NÃO INFORMADO;NÃO INFORMADO;2014;682995;4208708;SC;JACINTO MACHADO;PM;21/07/2014;11/10/2021;3,057,399.99;8,215.36;1,528,700.00;1,528,700.00;PARALISADA;57.32
SC0504138721;10GE;ESGOTO ;PAC;TC/PAC 0439/14;NÃO INFORMADO;NÃO INFORMADO;2014;679188;4208807;SC;JAGUARUNA;PM;07/05/2014;30/06/2023;3,716,636.40;0.00;1,740,926.50;1,740,926.50;EM EXECUÇÃO;20.00
SC2703135702;10GE;ESGOTO ;PAC;TC/PAC 0235/14;NÃO INFORMADO;NÃO INFORMADO;2014;680876;4209003;SC;JOACABA;PM;21/07/2014;02/05/2022;6,727,284.70;0.00;6,727,284.70;6,727,284.70;EM EXECUÇÃO;61.62
SC1412113324;10GE;ESGOTO ;EMENDA;CV 0672/11;74894/2011;766287/2011;2011;766287;4209300;SC;LAGES;PM;30/12/2011;30/09/2021;2,200,000.00;66,000.00;2,200,000.00;0.00;NÃO INICIADA - LICITAÇÃO NÃO CONCLUÍDA;0.00
SC1412113326;10GE;ESGOTO ;EMENDA;CV 0674/11;74670/2011;766289/2011;2011;766289;4209300;SC;LAGES;PM;30/12/2011;30/06/2022;1,000,000.00;30,141.95;1,000,000.00;300,000.00;EM EXECUÇÃO;0.00
SC1412113333;10GE;ESGOTO ;EMENDA;CV 0681/11;74807/2011;766298/2011;2011;766298;4209300;SC;LAGES;PM;30/12/2011;30/06/2022;1,500,000.00;45,000.00;1,500,000.00;0.00;NÃO INICIADA - LICITAÇÃO NÃO CONCLUÍDA;0.00
SC1412113338;10GE;ESGOTO ;EMENDA;CV 0687/11;74831/2011;766303/2011;2011;766303;4209300;SC;LAGES;PM;30/12/2011;01/04/2022;1,000,000.00;30,000.00;1,000,000.00;0.00;NÃO INICIADA - LICITAÇÃO NÃO CONCLUÍDA;0.00
SC1711101828;10GE;ESGOTO ;PROGRAMAÇÃO;CV 0787/10;99954/2010;753912/2010;2010;753912;4209300;SC;LAGES;PM;31/12/2010;30/06/2022;1,297,657.89;169,895.55;1,297,657.89;519,063.15;EM EXECUÇÃO;69.87
SC1711101832;10GE;ESGOTO ;PROGRAMAÇÃO;CV 0786/10;99939/2010;753911/2010;2010;753911;4209300;SC;LAGES;PM;31/12/2010;30/09/2021;1,297,657.89;43,396.07;1,297,657.89;0.00;NÃO INICIADA - LICITAÇÃO NÃO CONCLUÍDA;0.00
SC1811101830;10GE;ESGOTO ;PROGRAMAÇÃO;CV 0789/10;100044/2010;753914/2010;2010;753914;4209300;SC;LAGES;PM;31/12/2010;01/04/2022;405,395.07;48,539.14;405,395.07;0.00;NÃO INICIADA - LICITAÇÃO CONCLUÍDA;0.00
SC1811101834;10GE;ESGOTO ;PROGRAMAÇÃO;CV 0791/10;100239/2010;753918/2010;2010;753918;4209300;SC;LAGES;PM;31/12/2010;31/12/2021;432,552.63;14,465.35;432,552.63;0.00;NÃO INICIADA - LICITAÇÃO NÃO CONCLUÍDA;0.00
SC2803135839;10GE;ESGOTO ;PAC;TC/PAC 0236/14;NÃO INFORMADO;NÃO INFORMADO;2014;679208;4210506;SC;MARAVILHA;PM;07/05/2014;31/12/2021;8,974,050.45;234,579.53;8,974,050.45;8,887,468.09;CONCLUÍDA COM ETAPA ÚTIL E COM PENDÊNCIA;100.00
SC0304136269;10GE;ESGOTO ;PAC;TC/PAC 0426/14;NÃO INFORMADO;NÃO INFORMADO;2014;679147;4211702;SC;ORLEANS;PM;07/05/2014;07/09/2021;2,450,018.32;0.00;2,450,018.32;1,960,014.66;EM EXECUÇÃO - REINICIADA;48.00
SC0504137348;10GE;ESGOTO ;PAC;TC/PAC 0433/14;NÃO INFORMADO;NÃO INFORMADO;2014;679144;4211801;SC;OURO;PM;07/05/2014;26/12/2021;2,503,844.04;0.00;2,503,844.04;2,503,844.04;EM EXECUÇÃO;86.81
SC0504137320;10GE;ESGOTO ;PAC;TC/PAC 0432/14;NÃO INFORMADO;NÃO INFORMADO;2014;679197;4211850;SC;OURO VERDE;PM;07/05/2014;31/12/2021;3,177,764.80;127,563.52;3,215,535.56;3,177,764.80;CONCLUÍDA SEM INÍCIO DE OPERAÇÃO;99.96
SC0705090722;10GE;ESGOTO ;PAC;TC/PAC 0085/09;NÃO INFORMADO;NÃO INFORMADO;2009;658401;4212106;SC;PALMITOS;PM;31/12/2009;31/12/2021;3,900,000.00;890,423.60;3,900,000.00;2,730,000.00;PARALISADA;73.00
SC2306066777;10GE;ESGOTO ;PROGRAMAÇÃO;CV 0964/06;NÃO INFORMADO;NÃO INFORMADO;2006;568326;4214003;SC;PRESIDENTE GETULIO;PM;20/06/2006;03/04/2022;600,000.00;18,000.00;600,000.00;600,000.00;CONCLUÍDA SEM INÍCIO DE OPERAÇÃO;76.80
SC1507118663;10GE;ESGOTO ;PAC;TC/PAC 0405/11;NÃO INFORMADO;NÃO INFORMADO;2011;668818;4214151;SC;PRINCESA;PM;21/12/2011;02/10/2021;2,132,000.30;0.00;2,622,248.33;1,048,899.33;EM EXECUÇÃO;30.00
SC0304136467;10GE;ESGOTO ;PAC;TC/PAC 0429/14;NÃO INFORMADO;NÃO INFORMADO;2014;679193;4215653;SC;SANTA ROSA DO SUL;PM;07/05/2014;30/06/2022;5,515,352.09;10,656.88;4,412,281.68;4,412,281.68;EM EXECUÇÃO;75.03
SC0504138170;10GE;ESGOTO ;PAC;TC/PAC 0434/14;NÃO INFORMADO;NÃO INFORMADO;2014;679163;4216107;SC;SAO DOMINGOS;PM;07/05/2014;31/12/2021;8,299,454.43;0.00;10,317,567.97;8,299,454.43;CONCLUÍDA SEM INÍCIO DE OPERAÇÃO;99.04
SC0404136963;10GE;ESGOTO ;PAC;TC/PAC 0431/14;NÃO INFORMADO;NÃO INFORMADO;2014;679209;4216305;SC;SAO JOAO BATISTA;PM;07/05/2014;31/12/2021;7,619,913.16;2,960,387.19;6,095,930.53;6,095,930.53;EM EXECUÇÃO;49.46
SC1207113593;10GE;ESGOTO ;PAC;TC/PAC 0014/13;NÃO INFORMADO;NÃO INFORMADO;2013;677928;4217600;SC;SIDEROPOLIS;PM;31/12/2013;31/10/2022;11,946,960.33;0.00;9,557,568.26;5,973,480.16;EM EXECUÇÃO;21.22
SC1211094242;10GE;ESGOTO ;PAC;TC/PAC 0782/09;NÃO INFORMADO;NÃO INFORMADO;2009;658311;4217709;SC;SOMBRIO;PM;31/12/2009;31/12/2021;3,654,000.00;115,000.00;3,654,000.00;2,557,800.00;PARALISADA;52.09
SC1507117888;10GE;ESGOTO ;PAC;TC/PAC 0250/12;NÃO INFORMADO;NÃO INFORMADO;2012;671672;4218004;SC;TIJUCAS;PM;22/03/2012;31/12/2021;9,405,929.69;181,958.87;10,946,908.10;9,195,218.90;CONCLUÍDA COM ETAPA ÚTIL E COM PENDÊNCIA;0.00
SC2503135570;10GE;ESGOTO ;PAC;TC/PAC 0233/14;NÃO INFORMADO;NÃO INFORMADO;2014;679168;4219705;SC;XAXIM;PM;07/05/2014;06/11/2021;10,897,772.64;0.00;10,897,772.64;8,724,794.37;PARALISADA;50.13
SC1406054470;10GE;ESGOTO ;PROGRAMAÇÃO;CV 2784/05;NÃO INFORMADO;NÃO INFORMADO;2005;556564;4219853;SC;ZORTEA;PM;22/12/2005;26/01/2022;599,291.05;229,686.25;600,000.00;479,432.84;EM EXECUÇÃO;80.00
SE1912182438;10GE;ESGOTO ;EMENDA;CV 2399/18;64538/2018;881463/2018;2018;881463;2802205;SE;FEIRA NOVA;PM;31/12/2018;21/05/2022;250,000.00;0.00;50,000.00;0.00;NÃO INICIADA - LICITAÇÃO NÃO CONCLUÍDA;0.00
SE1912182476;10GE;ESGOTO ;EMENDA;CV 2437/18;64622/2018;881535/2018;2018;881535;2803708;SE;MACAMBIRA;PM;31/12/2018;21/05/2022;250,000.00;0.00;50,000.00;10,000.00;NÃO INICIADA - LICITAÇÃO NÃO CONCLUÍDA;0.00
SE0404137201;10GE;ESGOTO ;PAC;TC/PAC 0239/14;NÃO INFORMADO;NÃO INFORMADO;2014;679568;2803906;SE;MALHADOR;PM;07/05/2014;29/12/2021;7,272,449.98;0.00;7,272,449.98;7,272,449.98;EM EXECUÇÃO - REINICIADA;95.00
SP0304180251;10GE;ESGOTO ;EMENDA;CV 0242/18;29723/2018;864799/2018;2018;864799;3501806;SP;AMERICO DE CAMPOS;PM;01/06/2018;01/05/2022;2,000,000.00;1,000.00;400,000.00;100,000.00;NÃO INICIADA - LICITAÇÃO NÃO CONCLUÍDA;0.00
SP0304180347;10GE;ESGOTO ;EMENDA;CV 0336/18;28750/2018;864519/2018;2018;864519;3512209;SP;CONCHAL;PM;01/06/2018;01/05/2022;250,000.00;0.00;250,000.00;0.00;NÃO INICIADA - LICITAÇÃO NÃO CONCLUÍDA;0.00
SP0612182287;10GE;ESGOTO ;EMENDA;CV 2248/18;63739/2018;880740/2018;2018;880740;3512902;SP;COSMORAMA;PM;31/12/2018;31/12/2021;900,000.00;1,000.00;180,000.00;0.00;NÃO INICIADA - LICITAÇÃO NÃO CONCLUÍDA;0.00
SP1812182394;10GE;ESGOTO ;EMENDA;CV 2355/18;64446/2018;881422/2018;2018;881422;3514957;SP;EMBAUBA;PM;31/12/2018;31/12/2021;497,500.00;2,500.00;99,500.00;0.00;NÃO INICIADA - LICITAÇÃO NÃO CONCLUÍDA;0.00
SP1012182315;10GE;ESGOTO ;EMENDA;CV 2276/18;64021/2018;881186/2018;2018;881186;3518503;SP;GUAREI;PM;31/12/2018;31/12/2021;250,000.00;0.00;50,000.00;0.00;NÃO INICIADA - LICITAÇÃO NÃO CONCLUÍDA;0.00
SP1912182478;10GE;ESGOTO ;EMENDA;CV 2439/18;64652/2018;881648/2018;2018;881648;3520301;SP;IGUAPE;PM;31/12/2018;31/12/2021;2,000,000.00;70,000.00;400,000.00;0.00;NÃO INICIADA - LICITAÇÃO NÃO CONCLUÍDA;0.00
SP1912182488;10GE;ESGOTO ;EMENDA;CV 2449/18;64587/2018;881541/2018;2018;881541;3521705;SP;ITABERA;PM;31/12/2018;31/12/2021;500,000.00;100,000.00;100,000.00;0.00;NÃO INICIADA - LICITAÇÃO NÃO CONCLUÍDA;0.00
SP0404180631;10GE;ESGOTO ;EMENDA;CV 0616/18;38650/2018;864845/2018;2018;864845;3528106;SP;MACAUBAL;PM;29/06/2018;29/05/2022;1,700,000.00;0.00;340,000.00;0.00;NÃO INICIADA - LICITAÇÃO NÃO CONCLUÍDA;0.00
SP0612182283;10GE;ESGOTO ;EMENDA;CV 2244/18;63744/2018;880787/2018;2018;880787;3530102;SP;MIRANDOPOLIS;PM;31/12/2018;31/12/2021;1,000,000.00;36,582.31;200,000.00;0.00;NÃO INICIADA - LICITAÇÃO NÃO CONCLUÍDA;0.00
SP0504180646;10GE;ESGOTO ;EMENDA;CV 0631/18;38947/2018;864860/2018;2018;864860;3530409;SP;MIRASSOLANDIA;PM;29/06/2018;29/05/2022;900,000.00;0.00;180,000.00;0.00;NÃO INICIADA - LICITAÇÃO NÃO CONCLUÍDA;0.00
SP0108181018;10GE;ESGOTO ;EMENDA;CV 0996/18;56893/2018;876242/2018;2018;876242;3534906;SP;PACAEMBU;PM;30/11/2018;30/11/2021;380,000.00;18,938.47;380,000.00;0.00;NÃO INICIADA - LICITAÇÃO NÃO CONCLUÍDA;0.00
SP0612182281;10GE;ESGOTO ;EMENDA;CV 2242/18;63757/2018;880732/2018;2018;880732;3537404;SP;PEREIRA BARRETO;PM;31/12/2018;31/12/2021;500,000.00;0.00;0.00;0.00;NÃO INICIADA - LICITAÇÃO NÃO CONCLUÍDA;0.00
SP0304180237;10GE;ESGOTO ;EMENDA;CV 0228/18;38576/2018;864795/2018;2018;864795;3538105;SP;PINDORAMA;PM;29/06/2018;29/05/2022;400,000.00;0.00;80,000.00;0.00;NÃO INICIADA - LICITAÇÃO NÃO CONCLUÍDA;0.00
SP0612182284;10GE;ESGOTO ;EMENDA;CV 2245/18;63729/2018;880735/2018;2018;880735;3538600;SP;PIRACAIA;PM;31/12/2018;31/12/2021;1,500,000.00;0.00;300,000.00;0.00;NÃO INICIADA - LICITAÇÃO NÃO CONCLUÍDA;0.00
SP0404180633;10GE;ESGOTO ;EMENDA;CV 0618/18;38748/2018;864847/2018;2018;864847;3544806;SP;SALES;PM;29/06/2018;29/05/2022;850,000.00;500.00;170,000.00;0.00;NÃO INICIADA - LICITAÇÃO NÃO CONCLUÍDA;0.00
SP1407116737;10GE;ESGOTO ;PAC;TC/PAC 0285/12;NÃO INFORMADO;NÃO INFORMADO;2012;672253;3544905;SP;SALES OLIVEIRA;PM;11/05/2012;30/06/2022;11,091,377.82;0.00;11,091,377.82;11,091,377.82;CONCLUÍDA COM ETAPA ÚTIL E COM PENDÊNCIA;97.65
SP0304180327;10GE;ESGOTO ;EMENDA;CV 0316/18;25471/2018;864501/2018;2018;864501;3549607;SP;SAO JOSE DO BARREIRO;PM;01/06/2018;01/05/2022;800,000.00;0.00;0.00;0.00;NÃO INICIADA - LICITAÇÃO NÃO CONCLUÍDA;0.00
SP0612182298;10GE;ESGOTO ;EMENDA;CV 2259/18;63819/2018;880790/2018;2018;880790;3551801;SP;SETE BARRAS;PM;31/12/2018;31/12/2021;250,000.00;0.00;0.00;0.00;NÃO INICIADA - LICITAÇÃO NÃO CONCLUÍDA;0.00
SP2510182115;10GE;ESGOTO ;EMENDA;CV 2078/18;61647/2018;879351/2018;2018;879351;3555505;SP;UBIRAJARA;PM;31/12/2018;31/12/2021;700,000.00;0.00;140,000.00;0.00;NÃO INICIADA - LICITAÇÃO NÃO CONCLUÍDA;0.00
SP0404180632;10GE;ESGOTO ;EMENDA;CV 0617/18;38775/2018;864846/2018;2018;864846;3556008;SP;URUPES;PM;29/06/2018;29/05/2022;500,000.00;500.00;100,000.00;0.00;NÃO INICIADA - LICITAÇÃO NÃO CONCLUÍDA;0.00
TO0304136324;10GE;ESGOTO ;PAC;TC/PAC 0255/14;NÃO INFORMADO;NÃO INFORMADO;2014;680488;1701309;TO;ARAGOMINAS;GOV;28/05/2014;01/04/2023;2,688,944.76;645,494.93;537,788.94;0.00;NÃO INICIADA - LICITAÇÃO NÃO CONCLUÍDA;0.00
TO1805180799;10GE;ESGOTO ;EMENDA;CV 0778/18;47052/2018;869252/2018;2018;869252;1702307;TO;ARAPOEMA;PM;30/11/2018;22/11/2021;4,000,000.00;0.00;800,000.00;120,000.00;NÃO INICIADA - LICITAÇÃO NÃO CONCLUÍDA;0.00
TO0304136290;10GE;ESGOTO ;PAC;TC/PAC 0252/14;NÃO INFORMADO;NÃO INFORMADO;2014;680504;1702703;TO;AURORA DO TOCANTINS;GOV;07/05/2014;01/04/2023;3,926,271.95;71,051.82;785,254.39;785,254.39;NÃO INICIADA - LICITAÇÃO NÃO CONCLUÍDA;0.00
TO0304180311;10GE;ESGOTO ;EMENDA;CV 0300/18;25755/2018;864491/2018;2018;864491;1703909;TO;CASEARA;PM;01/06/2018;01/05/2022;2,997,000.00;3,000.00;599,400.00;0.00;NÃO INICIADA - LICITAÇÃO NÃO CONCLUÍDA;0.00
TO0404137155;10GE;ESGOTO ;PAC;TC/PAC 0273/14;NÃO INFORMADO;NÃO INFORMADO;2014;680510;1712454;TO;LUZINOPOLIS;GOV;07/05/2014;01/04/2023;3,454,576.05;0.00;741,388.95;0.00;NÃO INICIADA - LICITAÇÃO NÃO CONCLUÍDA;0.00
TO0304136339;10GE;ESGOTO ;PAC;TC/PAC 0257/14;NÃO INFORMADO;NÃO INFORMADO;2014;680508;1717206;TO;PIRAQUE;GOV;07/05/2014;01/04/2023;2,433,477.50;409,207.96;543,346.18;0.00;NÃO INICIADA - LICITAÇÃO NÃO CONCLUÍDA;0.00
TO0304136340;10GE;ESGOTO ;PAC;TC/PAC 0258/14;NÃO INFORMADO;NÃO INFORMADO;2014;680502;1718451;TO;PUGMIL;GOV;07/05/2014;01/04/2023;4,178,551.45;0.00;939,566.52;854,063.81;NÃO INICIADA - LICITAÇÃO NÃO CONCLUÍDA;0.00
TO0404137087;10GE;ESGOTO ;PAC;TC/PAC 0266/14;NÃO INFORMADO;NÃO INFORMADO;2014;680501;1718550;TO;RIACHINHO;GOV;07/05/2014;01/04/2023;2,517,548.60;491,119.29;503,509.72;0.00;NÃO INICIADA - LICITAÇÃO NÃO CONCLUÍDA;0.00
TO0304136341;10GE;ESGOTO ;PAC;TC/PAC 0259/14;NÃO INFORMADO;NÃO INFORMADO;2014;680506;1718709;TO;RIO DOS BOIS;GOV;07/05/2014;01/04/2023;2,427,630.53;473,707.24;485,526.11;0.00;NÃO INICIADA - LICITAÇÃO NÃO CONCLUÍDA;0.00
TO0304136343;10GE;ESGOTO ;PAC;TC/PAC 0260/14;NÃO INFORMADO;NÃO INFORMADO;2014;680491;1718840;TO;SANDOLANDIA;GOV;07/05/2014;01/04/2023;3,519,993.47;112,574.91;703,998.69;703,998.69;NÃO INICIADA - LICITAÇÃO NÃO CONCLUÍDA;0.00
TO0404137095;10GE;ESGOTO ;PAC;TC/PAC 0267/14;NÃO INFORMADO;NÃO INFORMADO;2014;680494;1720002;TO;SANTA TEREZINHA DO TOCANTINS;GOV;07/05/2014;01/04/2023;3,025,733.20;724,733.36;605,146.64;0.00;NÃO INICIADA - LICITAÇÃO NÃO CONCLUÍDA;0.00
TO0404137113;10GE;ESGOTO ;PAC;TC/PAC 0269/14;NÃO INFORMADO;NÃO INFORMADO;2014;680492;1720853;TO;SUCUPIRA;GOV;28/05/2014;01/04/2023;2,749,613.47;342,160.52;549,922.69;0.00;NÃO INICIADA - LICITAÇÃO NÃO CONCLUÍDA;0.00
RS2712195450;10GE;ESGOTO ;PROGRAMAÇÃO;CV 1200/19;55808/2019;895934/2019;2019;895934;4313706;RS;PALMEIRA DAS MISSÕES;PM;31/12/2019;31/12/2022;1,500,000.00;0.00;1,500,000.00;45,000.00;NÃO INICIADA - LICITAÇÃO NÃO CONCLUÍDA;0.00
PB2012193558;10GE;ESGOTO ;PROGRAMAÇÃO;CV 1043/19;54783/2019;894733/2019;2019;894733;2504108;PB;CARRAPATEIRA;PM;31/12/2019;31/12/2022;1,500,000.00;0.00;1,500,000.00;0.00;NÃO INICIADA - LICITAÇÃO NÃO CONCLUÍDA;0.00
BA1111202995;7XK7;ESGOTO ;EMENDA;CV 0625/20;19286/2020;907894/2020;2020;907894;2915304;BA;Itagimirim;PM;31/12/2020;31/12/2023;300,000.00;6,000.00;300,000.00;15,000.00;NÃO INICIADA - LICITAÇÃO NÃO CONCLUÍDA;0.00
PR1412203306;7XK7;ESGOTO ;EMENDA;CV 0931/20;24060/2020;907107/2020;2020;907107;4118808;PR;Peabiru;PM;31/12/2020;31/12/2023;1,000,000.00;10,000.00;1,000,000.00;50,000.00;NÃO INICIADA - LICITAÇÃO NÃO CONCLUÍDA;0.00
RN0912203067;7XK7;ESGOTO ;EMENDA;CV 0696/20;17152/2020;907389/2020;2020;907389;2407609;RN;Messias Targino;PM;31/12/2020;31/12/2023;1,000,000.00;2,000.00;1,000,000.00;0.00;NÃO INICIADA - LICITAÇÃO NÃO CONCLUÍDA;0.00
SC0912203065;7XK7;ESGOTO ;EMENDA;CV 0694/20;16438/2020;907390/2020;2020;907390;4210035;SC;Luzerna;PM;31/12/2020;31/12/2023;1,110,150.08;0.00;1,110,150.08;0.00;NÃO INICIADA - LICITAÇÃO NÃO CONCLUÍDA;0.00
SC0912203066;7XK7;ESGOTO ;EMENDA;CV 0695/20;16957/2020;907104/2020;2020;907104;3556354;SC;Vargem;PM;31/12/2020;31/12/2023;2,500,000.00;0.00;2,500,000.00;0.00;NÃO INICIADA - LICITAÇÃO NÃO CONCLUÍDA;0.00
SP1305200027;7XK7;ESGOTO ;EMENDA;CV 0027/20;1887/2020;898935/2020;2020;898935;3520905;SP;Ipaussu;PM;20/07/2020;20/07/2023;500,000.00;60,862.38;500,000.00;0.00;NÃO INICIADA - LICITAÇÃO NÃO CONCLUÍDA;0.00
SP1305200026;7XK7;ESGOTO ;EMENDA;CV 0026/20;1486/2020;898934/2020;2020;898934;3521903;SP;Itajobi;PM;20/07/2020;20/07/2023;485,114.00;351,329.97;485,114.00;0.00;NÃO INICIADA - LICITAÇÃO NÃO CONCLUÍDA;0.00
TO2412203770;7XK7;ESGOTO ;EMENDA;CV 1379/20;26560/2020;908909/2020;2020;908909;1721000;TO;Palmas;PM;31/12/2020;31/12/2023;10,891,874.00;10,902.80;10,891,874.00;0.00;NÃO INICIADA - LICITAÇÃO NÃO CONCLUÍDA;0.00
PB1612203548;7XK7;ESGOTO ;PROGRAMAÇÃO;CV 1163/20;24739/2020;906704/2020;2020;906704;2505402;PB;Desterro;PM;31/12/2020;31/12/2023;362,912.84;3,629.13;362,912.84;0.00;NÃO INICIADA - LICITAÇÃO NÃO CONCLUÍDA;0.00
GO3011182198;10GE;ESGOTO;EMENDA;CV 2160/18;63337/2018;880293/2018;2018;880293;5220207;GO;SÃO MIGUEL DO ARAGUAIA;PM;31/12/2018;31/12/2021;5,159,008.27;0.00;5,159,008.27;1,031,801.65;EM EXECUÇÃO;0.00
